model	objective	reaction	status	value
./model.xml	obj	R_DM_cpd02701_c0	optimal	-5.977753930273223e-13
./model.xml	obj	R_DM_cpd11416_c0	optimal	-3.239396970536751e-17
./model.xml	obj	R_DM_cpd15302_c0	optimal	0.06949000000000018
./model.xml	obj	R_EX_cpd00001_e0	infeasible	NaN
./model.xml	obj	R_EX_cpd00007_e0	optimal	0.0694900000000002
./model.xml	obj	R_EX_cpd00009_e0	optimal	1.8865797572505113e-15
./model.xml	obj	R_EX_cpd00011_e0	optimal	8.412122220019542e-17
./model.xml	obj	R_EX_cpd00012_e0	optimal	0.0694899999999999
./model.xml	obj	R_EX_cpd00013_e0	optimal	0.06948999999999994
./model.xml	obj	R_EX_cpd00017_e0	optimal	0.06948999999999998
./model.xml	obj	R_EX_cpd00023_e0	optimal	0.06948999999999994
./model.xml	obj	R_EX_cpd00027_e0	optimal	0.0694899999999999
./model.xml	obj	R_EX_cpd00028_e0	optimal	0.06948999999999995
./model.xml	obj	R_EX_cpd00030_e0	optimal	4.706894630366938e-16
./model.xml	obj	R_EX_cpd00033_e0	optimal	0.06948999999999994
./model.xml	obj	R_EX_cpd00034_e0	optimal	-5.972606776213875e-17
./model.xml	obj	R_EX_cpd00035_e0	optimal	0.06948999999999927
./model.xml	obj	R_EX_cpd00039_e0	optimal	0.06949000000000005
./model.xml	obj	R_EX_cpd00041_e0	optimal	0.06948999999999438
./model.xml	obj	R_EX_cpd00048_e0	optimal	9.5603447754233e-18
./model.xml	obj	R_EX_cpd00051_e0	optimal	0.06949000000003956
./model.xml	obj	R_EX_cpd00053_e0	optimal	0.06948999999999995
./model.xml	obj	R_EX_cpd00054_e0	optimal	0.06948999999999994
./model.xml	obj	R_EX_cpd00058_e0	optimal	6.86829667776962e-17
./model.xml	obj	R_EX_cpd00060_e0	optimal	0.06949000000000213
./model.xml	obj	R_EX_cpd00063_e0	optimal	-1.5386122711747044e-15
./model.xml	obj	R_EX_cpd00065_e0	optimal	0.06949000000010484
./model.xml	obj	R_EX_cpd00066_e0	optimal	0.0694900000000002
./model.xml	obj	R_EX_cpd00067_e0	optimal	0.0694899999999997
./model.xml	obj	R_EX_cpd00069_e0	optimal	0.06948999999999995
./model.xml	obj	R_EX_cpd00073_e0	optimal	0.06949000000000002
./model.xml	obj	R_EX_cpd00076_e0	optimal	0.06949000000000018
./model.xml	obj	R_EX_cpd00084_e0	optimal	0.06949
./model.xml	obj	R_EX_cpd00099_e0	optimal	2.6835640749217937e-18
./model.xml	obj	R_EX_cpd00104_e0	optimal	0.06948999999999995
./model.xml	obj	R_EX_cpd00107_e0	optimal	0.06949000000000327
./model.xml	obj	R_EX_cpd00116_e0	optimal	4.5833574676187255e-17
./model.xml	obj	R_EX_cpd00118_e0	optimal	0.06948999999999972
./model.xml	obj	R_EX_cpd00119_e0	optimal	0.06948999999999332
./model.xml	obj	R_EX_cpd00129_e0	optimal	0.06948999999999994
./model.xml	obj	R_EX_cpd00132_e0	optimal	0.06948999999999661
./model.xml	obj	R_EX_cpd00137_e0	optimal	0.06948999999999995
./model.xml	obj	R_EX_cpd00149_e0	optimal	4.734137480194303e-17
./model.xml	obj	R_EX_cpd00155_e0	optimal	0.06948999999999936
./model.xml	obj	R_EX_cpd00156_e0	optimal	0.06949000000000026
./model.xml	obj	R_EX_cpd00159_e0	optimal	0.06948999999999994
./model.xml	obj	R_EX_cpd00161_e0	optimal	0.06948999999999995
./model.xml	obj	R_EX_cpd00179_e0	optimal	0.06948999999999982
./model.xml	obj	R_EX_cpd00205_e0	optimal	-1.9578017991999322e-16
./model.xml	obj	R_EX_cpd00209_e0	optimal	-8.97850214130587e-18
./model.xml	obj	R_EX_cpd00215_e0	optimal	0.06949000000000113
./model.xml	obj	R_EX_cpd00218_e0	optimal	0.06948999999999957
./model.xml	obj	R_EX_cpd00220_e0	optimal	0.06949000000000008
./model.xml	obj	R_EX_cpd00244_e0	optimal	0.06949000000000008
./model.xml	obj	R_EX_cpd00254_e0	optimal	5.431958219929332e-17
./model.xml	obj	R_EX_cpd00264_e0	optimal	0.06948999999999997
./model.xml	obj	R_EX_cpd00268_e0	optimal	0.06948999999999986
./model.xml	obj	R_EX_cpd00305_e0	optimal	0.06948999999999994
./model.xml	obj	R_EX_cpd00307_e0	optimal	0.06948999999999994
./model.xml	obj	R_EX_cpd00309_e0	optimal	0.06949000000000001
./model.xml	obj	R_EX_cpd00322_e0	optimal	0.06949000000010508
./model.xml	obj	R_EX_cpd00393_e0	optimal	0.0694900000000046
./model.xml	obj	R_EX_cpd00531_e0	optimal	0.06948999999999993
./model.xml	obj	R_EX_cpd00635_e0	optimal	0.06948999999999991
./model.xml	obj	R_EX_cpd00644_e0	optimal	0.06949000000000123
./model.xml	obj	R_EX_cpd00731_e0	optimal	0.06948999999999994
./model.xml	obj	R_EX_cpd00971_e0	optimal	0.06948999999999995
./model.xml	obj	R_EX_cpd01012_e0	optimal	0.0694899999999999
./model.xml	obj	R_EX_cpd01017_e0	optimal	0.06949000000000444
./model.xml	obj	R_EX_cpd01262_e0	optimal	0.06949000000000004
./model.xml	obj	R_EX_cpd01329_e0	optimal	0.0694899999999999
./model.xml	obj	R_EX_cpd03453_e0	optimal	0.06948999999999994
./model.xml	obj	R_EX_cpd03724_e0	optimal	0.06948999999999994
./model.xml	obj	R_EX_cpd03725_e0	optimal	0.06949000000000002
./model.xml	obj	R_EX_cpd03726_e0	optimal	0.06949000000013963
./model.xml	obj	R_EX_cpd04097_e0	optimal	0.06948999999999995
./model.xml	obj	R_EX_cpd04099_e0	optimal	0.0694899999999997
./model.xml	obj	R_EX_cpd10516_e0	optimal	-1.1417320430518782e-14
./model.xml	obj	R_EX_cpd11580_e0	optimal	0.06948999999999995
./model.xml	obj	R_EX_cpd11581_e0	optimal	0.06948999999999995
./model.xml	obj	R_EX_cpd11582_e0	optimal	0.06948999999999977
./model.xml	obj	R_EX_cpd11583_e0	optimal	0.0694900000000002
./model.xml	obj	R_EX_cpd11584_e0	optimal	0.06949000000000001
./model.xml	obj	R_EX_cpd11585_e0	optimal	0.06949000000014244
./model.xml	obj	R_EX_cpd11586_e0	optimal	0.06948999999999973
./model.xml	obj	R_EX_cpd11587_e0	optimal	0.06949000000013963
./model.xml	obj	R_EX_cpd11588_e0	optimal	0.06948999999999675
./model.xml	obj	R_EX_cpd11589_e0	optimal	0.06948999999999995
./model.xml	obj	R_EX_cpd11590_e0	optimal	0.06948999999999994
./model.xml	obj	R_EX_cpd11591_e0	optimal	0.06948999999999332
./model.xml	obj	R_EX_cpd11592_e0	optimal	0.06948999999999995
./model.xml	obj	R_EX_cpd11593_e0	optimal	0.06948999999999995
./model.xml	obj	R_EX_cpd15603_e0	optimal	0.06948999999999718
./model.xml	obj	R_EX_cpd15604_e0	optimal	0.06948999999999823
./model.xml	obj	R_EX_cpd15605_e0	optimal	0.06948999999999995
./model.xml	obj	R_EX_cpd15606_e0	optimal	0.06949000000000004
./model.xml	obj	R_R0001	infeasible	NaN
./model.xml	obj	R_R0002	infeasible	NaN
./model.xml	obj	R_R0003	infeasible	NaN
./model.xml	obj	R_R0004	infeasible	NaN
./model.xml	obj	R_R0005	infeasible	NaN
./model.xml	obj	R_R0006	optimal	0.06948999999999994
./model.xml	obj	R_R0007	optimal	0.06949000000000005
./model.xml	obj	R_R0008	infeasible	NaN
./model.xml	obj	R_R0009	infeasible	NaN
./model.xml	obj	R_R0010	infeasible	NaN
./model.xml	obj	R_R0011	infeasible	NaN
./model.xml	obj	R_R0012	infeasible	NaN
./model.xml	obj	R_R0013	infeasible	NaN
./model.xml	obj	R_R0014	infeasible	NaN
./model.xml	obj	R_R0015	infeasible	NaN
./model.xml	obj	R_R0016	infeasible	NaN
./model.xml	obj	R_R0017	infeasible	NaN
./model.xml	obj	R_R0018	infeasible	NaN
./model.xml	obj	R_R0019	infeasible	NaN
./model.xml	obj	R_R0020	infeasible	NaN
./model.xml	obj	R_R0021	infeasible	NaN
./model.xml	obj	R_R0022	infeasible	NaN
./model.xml	obj	R_R0023	infeasible	NaN
./model.xml	obj	R_R0024	infeasible	NaN
./model.xml	obj	R_R0025	infeasible	NaN
./model.xml	obj	R_R0026	infeasible	NaN
./model.xml	obj	R_R0027	infeasible	NaN
./model.xml	obj	R_R0028	infeasible	NaN
./model.xml	obj	R_R0029	infeasible	NaN
./model.xml	obj	R_R0030	optimal	0.06948999999999995
./model.xml	obj	R_R0031	optimal	0.06949000000027816
./model.xml	obj	R_R0032	optimal	3.9897382654115596e-05
./model.xml	obj	R_R0033	optimal	0.06948999999999943
./model.xml	obj	R_R0034	optimal	0.06948999999999993
./model.xml	obj	R_R0035	optimal	0.06948999999999857
./model.xml	obj	R_R0036	optimal	0.06948999999999993
./model.xml	obj	R_R0037	optimal	0.0694900000000002
./model.xml	obj	R_R0038	infeasible	NaN
./model.xml	obj	R_R0039	optimal	0.06948999999999655
./model.xml	obj	R_R0040	infeasible	NaN
./model.xml	obj	R_R0041	optimal	0.06948999999999993
./model.xml	obj	R_R0042	infeasible	NaN
./model.xml	obj	R_R0043	optimal	0.06948999999999979
./model.xml	obj	R_R0044	optimal	0.06948999999999991
./model.xml	obj	R_R0045	optimal	0.06949000000000444
./model.xml	obj	R_R0046	optimal	0.06948999999999976
./model.xml	obj	R_R0047	optimal	0.06948999999999995
./model.xml	obj	R_R0048	optimal	0.06948999999999379
./model.xml	obj	R_R048	infeasible	NaN
./model.xml	obj	R_R543	optimal	0.06948999999999994
./model.xml	obj	R_bio1_biomass	optimal	0.0
./model.xml	obj	R_rxn00001_c0	optimal	0.06949
./model.xml	obj	R_rxn00006_c0	optimal	0.0694900000000001
./model.xml	obj	R_rxn00007_c0	optimal	0.0694900000000001
./model.xml	obj	R_rxn00011_c0	optimal	0.06949000000000008
./model.xml	obj	R_rxn00016_c0	optimal	0.0694900000000002
./model.xml	obj	R_rxn00018_c0	optimal	-1.0571661791741927e-15
./model.xml	obj	R_rxn00022_c0	optimal	0.06948999999999994
./model.xml	obj	R_rxn00029_c0	optimal	0.0
./model.xml	obj	R_rxn00048_c0	optimal	-8.136976728448615e-19
./model.xml	obj	R_rxn00060_c0	optimal	-1.1356477410488103e-15
./model.xml	obj	R_rxn00063_c0	optimal	0.06948999999999945
./model.xml	obj	R_rxn00065_c0	optimal	0.06949000000003956
./model.xml	obj	R_rxn00068_c0	optimal	5.3880500398217745e-17
./model.xml	obj	R_rxn00076_c0	optimal	0.0694900000000488
./model.xml	obj	R_rxn00077_c0	optimal	0.06948999999999661
./model.xml	obj	R_rxn00083_c0	optimal	0.06949000000000123
./model.xml	obj	R_rxn00085_c0	optimal	0.06948999999999998
./model.xml	obj	R_rxn00086_c0	optimal	0.06948999999999995
./model.xml	obj	R_rxn00097_c0	optimal	0.06948999999999993
./model.xml	obj	R_rxn00100_c0	optimal	0.0
./model.xml	obj	R_rxn00101_c0	optimal	-2.2529044710221498e-17
./model.xml	obj	R_rxn00102_c0	optimal	0.06948999999999997
./model.xml	obj	R_rxn00104_c0	optimal	0.0694899999999966
./model.xml	obj	R_rxn00105_c0	optimal	0.06948999999999982
./model.xml	obj	R_rxn00107_c0	optimal	0.06948999999999994
./model.xml	obj	R_rxn00113_c0	optimal	0.06948999999999995
./model.xml	obj	R_rxn00117_c0	optimal	-2.6605509648633462e-17
./model.xml	obj	R_rxn00119_c0	optimal	-8.17823882011822e-18
./model.xml	obj	R_rxn00122_c0	optimal	-8.48964472709082e-18
./model.xml	obj	R_rxn00126_c0	optimal	-7.540691981023684e-16
./model.xml	obj	R_rxn00132_c0	optimal	0.06949000000000005
./model.xml	obj	R_rxn00137_c0	optimal	0.0
./model.xml	obj	R_rxn00138_c0	optimal	0.06949000000000022
./model.xml	obj	R_rxn00139_c0	optimal	0.06948999999999994
./model.xml	obj	R_rxn00140_c0	optimal	0.06949000000000018
./model.xml	obj	R_rxn00141_c0	optimal	-8.934124618116971e-17
./model.xml	obj	R_rxn00147_c0	optimal	0.06948999999998992
./model.xml	obj	R_rxn00148_c0	optimal	0.06949000000000123
./model.xml	obj	R_rxn00154_c0	optimal	0.06949000000000002
./model.xml	obj	R_rxn00161_c0	optimal	0.06948999999999995
./model.xml	obj	R_rxn00165_c0	optimal	0.06948999999999993
./model.xml	obj	R_rxn00171_c0	optimal	0.06948999999999927
./model.xml	obj	R_rxn00175_c0	optimal	0.0
./model.xml	obj	R_rxn00179_c0	optimal	0.0694899999999999
./model.xml	obj	R_rxn00182_c0	optimal	0.06949000000000716
./model.xml	obj	R_rxn00183_c0	optimal	0.06949000000000007
./model.xml	obj	R_rxn00184_c0	optimal	0.06948999999999995
./model.xml	obj	R_rxn00186_c0	optimal	0.06948999999999993
./model.xml	obj	R_rxn00187_c0	optimal	0.06948999999999969
./model.xml	obj	R_rxn00189_c0	optimal	0.06948999999999994
./model.xml	obj	R_rxn00192_c0	optimal	0.0694900000000001
./model.xml	obj	R_rxn00193_c0	optimal	2.6835640749217937e-18
./model.xml	obj	R_rxn00194_c0	optimal	0.06948999999999972
./model.xml	obj	R_rxn00199_c0	optimal	-1.1683648786934454e-16
./model.xml	obj	R_rxn00206_c0	optimal	0.06948999999999973
./model.xml	obj	R_rxn00208_c0	optimal	0.06948999999999976
./model.xml	obj	R_rxn00209_c0	optimal	0.0694899999999999
./model.xml	obj	R_rxn00211_c0	optimal	0.06949000000000005
./model.xml	obj	R_rxn00213_c0	optimal	0.06949000000000008
./model.xml	obj	R_rxn00214_c0	optimal	0.06948999999998971
./model.xml	obj	R_rxn00216_c0	optimal	0.06948999999999389
./model.xml	obj	R_rxn00222_c0	optimal	0.0694899999999966
./model.xml	obj	R_rxn00223_c0	optimal	0.06949000000000072
./model.xml	obj	R_rxn00224_c0	optimal	-9.350498941569879e-18
./model.xml	obj	R_rxn00225_c0	optimal	0.06948999999999995
./model.xml	obj	R_rxn00227_c0	optimal	0.06948999999999998
./model.xml	obj	R_rxn00237_c0	optimal	1.1932314746382848e-14
./model.xml	obj	R_rxn00239_c0	optimal	0.06948999999999995
./model.xml	obj	R_rxn00241_c0	optimal	0.06948999999999995
./model.xml	obj	R_rxn00242_c0	optimal	0.06948999999999994
./model.xml	obj	R_rxn00248_c0	optimal	0.06949
./model.xml	obj	R_rxn00251_c0	optimal	-1.375754552161739e-16
./model.xml	obj	R_rxn00256_c0	optimal	6.592355784526543e-17
./model.xml	obj	R_rxn00260_c0	optimal	4.162756324661595e-15
./model.xml	obj	R_rxn00262_c0	optimal	0.06949000000000002
./model.xml	obj	R_rxn00269_c0	optimal	0.06949000000000069
./model.xml	obj	R_rxn00272_c0	optimal	-1.3546101305924673e-17
./model.xml	obj	R_rxn00274_c0	optimal	0.06949000000000004
./model.xml	obj	R_rxn00278_c0	optimal	0.06949000000000002
./model.xml	obj	R_rxn00283_c0	optimal	-3.099656668025785e-16
./model.xml	obj	R_rxn00285_c0	optimal	0.0694900000000001
./model.xml	obj	R_rxn00292_c0	optimal	0.06949
./model.xml	obj	R_rxn00293_c0	optimal	-4.505772965862885e-16
./model.xml	obj	R_rxn00297_c0	optimal	0.06948999999999969
./model.xml	obj	R_rxn00299_c0	optimal	0.06948999999999957
./model.xml	obj	R_rxn00300_c0	optimal	-6.166370193104295e-17
./model.xml	obj	R_rxn00301_c0	optimal	0.06949000000000004
./model.xml	obj	R_rxn00302_c0	optimal	0.06948999999999995
./model.xml	obj	R_rxn00303_c0	optimal	0.0694899999999933
./model.xml	obj	R_rxn00304_c0	optimal	0.0694900000000011
./model.xml	obj	R_rxn00313_c0	optimal	-2.1159420106611887e-17
./model.xml	obj	R_rxn00322_c0	optimal	0.06948999999999973
./model.xml	obj	R_rxn00328_c0	optimal	0.06948999999999994
./model.xml	obj	R_rxn00333_c0	optimal	0.06949000000000008
./model.xml	obj	R_rxn00337_c0	optimal	9.025008178009292e-17
./model.xml	obj	R_rxn00338_c0	optimal	-5.216264873999116e-15
./model.xml	obj	R_rxn00346_c0	optimal	1.1676131860540612e-17
./model.xml	obj	R_rxn00350_c0	optimal	-3.943285792159408e-17
./model.xml	obj	R_rxn00351_c0	optimal	0.06948999999999976
./model.xml	obj	R_rxn00355_c0	optimal	0.06948999999999982
./model.xml	obj	R_rxn00358_c0	optimal	0.06948999999999972
./model.xml	obj	R_rxn00361_c0	optimal	0.06949000000027816
./model.xml	obj	R_rxn00363_c0	optimal	0.0694900000000002
./model.xml	obj	R_rxn00364_c0	optimal	-2.059349803884522e-17
./model.xml	obj	R_rxn00367_c0	optimal	0.06948999999999994
./model.xml	obj	R_rxn00377_c0	optimal	0.06949000000000008
./model.xml	obj	R_rxn00379_c0	optimal	-4.128785589993057e-17
./model.xml	obj	R_rxn00392_c0	optimal	7.274146223495133e-18
./model.xml	obj	R_rxn00405_c0	optimal	-1.6260158516710251e-16
./model.xml	obj	R_rxn00407_c0	optimal	0.06948999999999976
./model.xml	obj	R_rxn00409_c0	optimal	0.0
./model.xml	obj	R_rxn00410_c0	optimal	0.06948999999999989
./model.xml	obj	R_rxn00411_c0	optimal	0.06948999999999962
./model.xml	obj	R_rxn00412_c0	optimal	0.0694899999999999
./model.xml	obj	R_rxn00414_c0	optimal	0.06948999999999994
./model.xml	obj	R_rxn00416_c0	optimal	1.41549060563443e-16
./model.xml	obj	R_rxn00422_c0	optimal	0.06948999999999991
./model.xml	obj	R_rxn00423_c0	optimal	3.695209673421314e-17
./model.xml	obj	R_rxn00433_c0	optimal	0.06948999999999994
./model.xml	obj	R_rxn00438_c0	optimal	-1.9250683801038724e-18
./model.xml	obj	R_rxn00459_c0	optimal	0.06948999999999994
./model.xml	obj	R_rxn00460_c0	optimal	0.06948999999999675
./model.xml	obj	R_rxn00461_c0	optimal	-1.5069172130374522e-17
./model.xml	obj	R_rxn00463_c0	optimal	0.0694899999999999
./model.xml	obj	R_rxn00474_c0	optimal	0.06948999999999994
./model.xml	obj	R_rxn00493_c0	optimal	-2.731315526758581e-18
./model.xml	obj	R_rxn00499_c0	optimal	0.0694899999999999
./model.xml	obj	R_rxn00504_c0	optimal	0.06948999999999991
./model.xml	obj	R_rxn00506_c0	optimal	0.0694900000000002
./model.xml	obj	R_rxn00508_c0	optimal	0.06948999999999993
./model.xml	obj	R_rxn00514_c0	optimal	0.06949000000000002
./model.xml	obj	R_rxn00515_c0	optimal	0.06949000000000002
./model.xml	obj	R_rxn00525_c0	optimal	0.06949000000000027
./model.xml	obj	R_rxn00526_c0	optimal	0.06948999999999982
./model.xml	obj	R_rxn00527_c0	optimal	-3.239396970536751e-17
./model.xml	obj	R_rxn00533_c0	optimal	0.06949000000000123
./model.xml	obj	R_rxn00543_c0	optimal	0.0694899999999999
./model.xml	obj	R_rxn00545_c0	optimal	0.0694899999999999
./model.xml	obj	R_rxn00547_c0	optimal	0.06948999999999995
./model.xml	obj	R_rxn00548_c0	optimal	0.06948999999999995
./model.xml	obj	R_rxn00549_c0	optimal	0.06948999999999227
./model.xml	obj	R_rxn00555_c0	optimal	-3.3138962361360123e-18
./model.xml	obj	R_rxn00558_c0	optimal	0.06948999999999995
./model.xml	obj	R_rxn00559_c0	optimal	0.06948999999999994
./model.xml	obj	R_rxn00568_c0	optimal	0.06948999999999972
./model.xml	obj	R_rxn00577_c0	optimal	0.06948999999999998
./model.xml	obj	R_rxn00578	optimal	0.06948999999999994
./model.xml	obj	R_rxn00579	optimal	0.06948999999999995
./model.xml	obj	R_rxn00604_c0	optimal	0.06948999999999995
./model.xml	obj	R_rxn00611_c0	optimal	0.06949000000000002
./model.xml	obj	R_rxn00612_c0	optimal	0.06948999999999994
./model.xml	obj	R_rxn00629_c0	optimal	0.06948999999999975
./model.xml	obj	R_rxn00634_c0	optimal	0.06949000000000112
./model.xml	obj	R_rxn00640_c0	optimal	0.06948999999999415
./model.xml	obj	R_rxn00641_c0	optimal	0.06948999999999984
./model.xml	obj	R_rxn00642_c0	optimal	0.06948999999999993
./model.xml	obj	R_rxn00647_c0	optimal	0.06948999999999989
./model.xml	obj	R_rxn00649_c0	optimal	-8.179406085639936e-17
./model.xml	obj	R_rxn00650_c0	optimal	2.4319333281360224e-16
./model.xml	obj	R_rxn00653_c0	optimal	0.06948999999999994
./model.xml	obj	R_rxn00675_c0	optimal	0.06948999999115123
./model.xml	obj	R_rxn00686_c0	optimal	5.013525359277284e-17
./model.xml	obj	R_rxn00689_c0	optimal	0.06948999999999997
./model.xml	obj	R_rxn00691_c0	optimal	0.06949000000000001
./model.xml	obj	R_rxn00692_c0	optimal	2.830636091367984e-17
./model.xml	obj	R_rxn00693_c0	optimal	-3.767060448300882e-17
./model.xml	obj	R_rxn00695_c0	optimal	0.06948999999999976
./model.xml	obj	R_rxn00701_c0	optimal	0.0694899999997095
./model.xml	obj	R_rxn00702_c0	optimal	0.06948999999999973
./model.xml	obj	R_rxn00708_c0	optimal	0.06948999999999983
./model.xml	obj	R_rxn00710_c0	optimal	0.0
./model.xml	obj	R_rxn00711_c0	optimal	0.06949000000000184
./model.xml	obj	R_rxn00712_c0	optimal	0.06949000000000123
./model.xml	obj	R_rxn00717_c0	optimal	0.06948999999999994
./model.xml	obj	R_rxn00726_c0	optimal	0.06948999999999995
./model.xml	obj	R_rxn00727_c0	optimal	0.06948999999999995
./model.xml	obj	R_rxn00735_c0	optimal	0.06949000000000002
./model.xml	obj	R_rxn00737_c0	optimal	-1.317813876499419e-17
./model.xml	obj	R_rxn00743_c0	optimal	0.0694900000000002
./model.xml	obj	R_rxn00745_c0	optimal	8.847397692842266e-17
./model.xml	obj	R_rxn00747_c0	optimal	-4.1692300119397335e-16
./model.xml	obj	R_rxn00758_c0	optimal	0.06948999999999994
./model.xml	obj	R_rxn00762_c0	optimal	8.585195151812504e-18
./model.xml	obj	R_rxn00763_c0	optimal	0.06948999999999993
./model.xml	obj	R_rxn00770_c0	optimal	-1.2545600295816302e-14
./model.xml	obj	R_rxn00772_c0	optimal	-9.187152226369772e-18
./model.xml	obj	R_rxn00775_c0	optimal	0.06949000000000924
./model.xml	obj	R_rxn00777_c0	optimal	6.36081207171149e-16
./model.xml	obj	R_rxn00781_c0	optimal	0.06948999999999675
./model.xml	obj	R_rxn00782_c0	optimal	0.0694899999999999
./model.xml	obj	R_rxn00784_c0	optimal	0.06949000000013963
./model.xml	obj	R_rxn00785_c0	optimal	0.06948999999999991
./model.xml	obj	R_rxn00786_c0	optimal	0.06948999999999994
./model.xml	obj	R_rxn00789_c0	optimal	6.781248192825754e-17
./model.xml	obj	R_rxn00790_c0	optimal	2.88016034926041e-14
./model.xml	obj	R_rxn00791_c0	optimal	6.12728577339074e-17
./model.xml	obj	R_rxn00792_c0	optimal	0.06949000000000026
./model.xml	obj	R_rxn00799_c0	optimal	-5.88940118043578e-17
./model.xml	obj	R_rxn00800_c0	optimal	1.1150592955521269e-15
./model.xml	obj	R_rxn00802_c0	optimal	-2.7772978709728587e-15
./model.xml	obj	R_rxn00806_c0	optimal	4.538480076912797e-17
./model.xml	obj	R_rxn00808_c0	optimal	0.06948999999999966
./model.xml	obj	R_rxn00816_c0	optimal	0.06948999999999995
./model.xml	obj	R_rxn00830_c0	optimal	0.06948999999999984
./model.xml	obj	R_rxn00831_c0	optimal	0.06948999999999994
./model.xml	obj	R_rxn00832_c0	optimal	3.2914472559925005e-16
./model.xml	obj	R_rxn00834_c0	optimal	0.06948999999999993
./model.xml	obj	R_rxn00838_c0	optimal	-5.59408476572681e-15
./model.xml	obj	R_rxn00839_c0	optimal	0.06949000000000123
./model.xml	obj	R_rxn00840_c0	optimal	0.0694899999997095
./model.xml	obj	R_rxn00851_c0	optimal	0.06948999999999994
./model.xml	obj	R_rxn00858_c0	optimal	9.417651120752205e-18
./model.xml	obj	R_rxn00863_c0	optimal	9.861667870982241e-17
./model.xml	obj	R_rxn00872_c0	optimal	0.06949000000000002
./model.xml	obj	R_rxn00881_c0	optimal	0.06949000000000013
./model.xml	obj	R_rxn00882_c0	optimal	0.06948999999999976
./model.xml	obj	R_rxn00883_c0	optimal	0.06948999999999995
./model.xml	obj	R_rxn00898_c0	optimal	1.1003961688497889e-17
./model.xml	obj	R_rxn00902_c0	optimal	-1.9970630595896214e-17
./model.xml	obj	R_rxn00903_c0	optimal	0.06948999999999982
./model.xml	obj	R_rxn00904_c0	optimal	0.06949000000010508
./model.xml	obj	R_rxn00907_c0	optimal	-3.0061694029009184e-14
./model.xml	obj	R_rxn00910_c0	optimal	1.788481481935916e-16
./model.xml	obj	R_rxn00912_c0	optimal	3.707082345411412e-16
./model.xml	obj	R_rxn00913_c0	optimal	0.06948999999999994
./model.xml	obj	R_rxn00915_c0	optimal	0.06949000000000123
./model.xml	obj	R_rxn00917_c0	optimal	5.987884941163004e-16
./model.xml	obj	R_rxn00929_c0	optimal	0.06948999999837283
./model.xml	obj	R_rxn00931_c0	optimal	0.06949000000000002
./model.xml	obj	R_rxn00938_c0	optimal	0.0694899999999999
./model.xml	obj	R_rxn00946_c0	optimal	0.06948999999999994
./model.xml	obj	R_rxn00947_c0	optimal	0.06948999999999995
./model.xml	obj	R_rxn00949_c0	optimal	1.509474076927418e-16
./model.xml	obj	R_rxn00953_c0	optimal	0.0694900000000046
./model.xml	obj	R_rxn00957_c0	optimal	-9.303603962368276e-18
./model.xml	obj	R_rxn00974_c0	optimal	3.7873099841554424e-17
./model.xml	obj	R_rxn00979_c0	optimal	6.47985938425572e-17
./model.xml	obj	R_rxn00980_c0	optimal	0.06948999999999995
./model.xml	obj	R_rxn00988_c0	optimal	0.06949000000000115
./model.xml	obj	R_rxn00999_c0	optimal	0.0694900000000488
./model.xml	obj	R_rxn01000_c0	optimal	-6.244904348082021e-17
./model.xml	obj	R_rxn01018_c0	optimal	-4.08911941005911e-18
./model.xml	obj	R_rxn01019_c0	optimal	-1.2735448807067438e-17
./model.xml	obj	R_rxn01022_c0	optimal	0.06948999999999991
./model.xml	obj	R_rxn01025_c0	optimal	0.06949000000000018
./model.xml	obj	R_rxn01069_c0	optimal	-3.239396970536751e-17
./model.xml	obj	R_rxn01073_c0	optimal	0.06948999999999332
./model.xml	obj	R_rxn01084_c0	optimal	0.06949
./model.xml	obj	R_rxn01100_c0	optimal	-1.0684979322684973e-16
./model.xml	obj	R_rxn01101_c0	optimal	0.06948999999999857
./model.xml	obj	R_rxn01103_c0	optimal	0.06949000000000444
./model.xml	obj	R_rxn01106_c0	optimal	0.06949000000000213
./model.xml	obj	R_rxn01107_c0	optimal	0.06949000000000113
./model.xml	obj	R_rxn01108_c0	optimal	0.06948999999999983
./model.xml	obj	R_rxn01109_c0	optimal	0.0694899999999999
./model.xml	obj	R_rxn01111_c0	optimal	2.313716463828546e-17
./model.xml	obj	R_rxn01115_c0	optimal	0.0694899999999995
./model.xml	obj	R_rxn01116_c0	optimal	1.3038928963363306e-15
./model.xml	obj	R_rxn01117_c0	optimal	-1.9286014240741187e-17
./model.xml	obj	R_rxn01127_c0	optimal	0.06949000000000002
./model.xml	obj	R_rxn01128_c0	optimal	0.06949000000000241
./model.xml	obj	R_rxn01129_c0	optimal	0.06948999999999995
./model.xml	obj	R_rxn01132_c0	optimal	0.06948999999999994
./model.xml	obj	R_rxn01133_c0	optimal	0.0694899999999537
./model.xml	obj	R_rxn01134_c0	optimal	0.06949000000000008
./model.xml	obj	R_rxn01137_c0	optimal	2.6728774534501477e-15
./model.xml	obj	R_rxn01145_c0	optimal	0.06948999999999535
./model.xml	obj	R_rxn01179_c0	optimal	0.06949000000000002
./model.xml	obj	R_rxn01187_c0	optimal	0.06949000000000002
./model.xml	obj	R_rxn01200_c0	optimal	1.8053282527651086e-16
./model.xml	obj	R_rxn01208_c0	optimal	2.5618048728452848e-17
./model.xml	obj	R_rxn01210_c0	optimal	0.06948999999999994
./model.xml	obj	R_rxn01211_c0	optimal	0.06948999999999994
./model.xml	obj	R_rxn01213_c0	optimal	2.289385682645832e-34
./model.xml	obj	R_rxn01218_c0	optimal	0.06948999999999948
./model.xml	obj	R_rxn01219_c0	optimal	0.06948999999999994
./model.xml	obj	R_rxn01225_c0	optimal	0.06949
./model.xml	obj	R_rxn01226_c0	optimal	0.06949000000000004
./model.xml	obj	R_rxn01241_c0	optimal	0.06948999999999989
./model.xml	obj	R_rxn01255_c0	optimal	0.0
./model.xml	obj	R_rxn01256_c0	optimal	-7.117145555037347e-17
./model.xml	obj	R_rxn01257_c0	optimal	1.1012927047000731e-16
./model.xml	obj	R_rxn01258_c0	optimal	0.0
./model.xml	obj	R_rxn01265_c0	optimal	0.06949000000000019
./model.xml	obj	R_rxn01268_c0	optimal	6.678956304736385e-18
./model.xml	obj	R_rxn01274_c0	optimal	0.06948999999999994
./model.xml	obj	R_rxn01275_c0	optimal	0.06948999999999998
./model.xml	obj	R_rxn01280_c0	optimal	0.06948999999999994
./model.xml	obj	R_rxn01281_c0	optimal	0.0694899999999933
./model.xml	obj	R_rxn01286_c0	optimal	0.06949000000000129
./model.xml	obj	R_rxn01297_c0	optimal	2.728056242231837e-17
./model.xml	obj	R_rxn01299_c0	optimal	3.115090290779882e-15
./model.xml	obj	R_rxn01300_c0	optimal	2.6579276165384215e-17
./model.xml	obj	R_rxn01301_c0	optimal	0.06948999999999966
./model.xml	obj	R_rxn01302_c0	optimal	0.06949000000000377
./model.xml	obj	R_rxn01324_c0	optimal	0.0694900000000001
./model.xml	obj	R_rxn01329_c0	optimal	0.06949000000000001
./model.xml	obj	R_rxn01332_c0	optimal	-4.7801723877116503e-17
./model.xml	obj	R_rxn01333_c0	optimal	0.0694899999999999
./model.xml	obj	R_rxn01334_c0	optimal	0.06949000000000036
./model.xml	obj	R_rxn01343_c0	optimal	0.0694900000000002
./model.xml	obj	R_rxn01345_c0	optimal	0.0694899999999999
./model.xml	obj	R_rxn01351_c0	optimal	0.06948999999999995
./model.xml	obj	R_rxn01352_c0	optimal	0.06948999999999994
./model.xml	obj	R_rxn01353_c0	optimal	0.06948999999999929
./model.xml	obj	R_rxn01354_c0	optimal	0.06948999999999994
./model.xml	obj	R_rxn01362_c0	optimal	-4.578771365291664e-34
./model.xml	obj	R_rxn01370_c0	optimal	0.06949000000000215
./model.xml	obj	R_rxn01387_c0	optimal	-1.3376775039600614e-16
./model.xml	obj	R_rxn01388_c0	optimal	4.2201913582544493e-16
./model.xml	obj	R_rxn01416_c0	optimal	0.06948999999999966
./model.xml	obj	R_rxn01434_c0	optimal	-1.769479538568453e-17
./model.xml	obj	R_rxn01445_c0	optimal	0.06948999999999993
./model.xml	obj	R_rxn01451_c0	optimal	0.06948999999999718
./model.xml	obj	R_rxn01459_c0	optimal	0.06948999999999994
./model.xml	obj	R_rxn01465_c0	optimal	-4.2162542854431087e-19
./model.xml	obj	R_rxn01466_c0	optimal	3.001629230071381e-15
./model.xml	obj	R_rxn01476_c0	optimal	0.06949000000000002
./model.xml	obj	R_rxn01480_c0	optimal	0.06949000000000007
./model.xml	obj	R_rxn01484_c0	optimal	0.06949000000000001
./model.xml	obj	R_rxn01485_c0	optimal	-6.882420512046722e-18
./model.xml	obj	R_rxn01486_c0	optimal	1.3216287460682498e-16
./model.xml	obj	R_rxn01487_c0	optimal	0.06948999999999969
./model.xml	obj	R_rxn01489_c0	optimal	1.4584254309326477e-16
./model.xml	obj	R_rxn01506_c0	optimal	0.06948999999999718
./model.xml	obj	R_rxn01507_c0	optimal	0.06948999999999332
./model.xml	obj	R_rxn01509_c0	optimal	0.06949000000000355
./model.xml	obj	R_rxn01510_c0	optimal	0.06948999999999987
./model.xml	obj	R_rxn01512_c0	optimal	-2.044559705029555e-18
./model.xml	obj	R_rxn01513_c0	optimal	2.289385682645832e-34
./model.xml	obj	R_rxn01515_c0	optimal	0.06948999999999991
./model.xml	obj	R_rxn01516_c0	optimal	0.06948999999999995
./model.xml	obj	R_rxn01517_c0	optimal	-3.2654780204555832e-19
./model.xml	obj	R_rxn01520_c0	optimal	0.0
./model.xml	obj	R_rxn01521_c0	optimal	0.0694899999999537
./model.xml	obj	R_rxn01522_c0	optimal	0.0694900000000001
./model.xml	obj	R_rxn01537_c0	optimal	0.06948999999999438
./model.xml	obj	R_rxn01544_c0	optimal	0.06948999999999995
./model.xml	obj	R_rxn01545_c0	optimal	0.06948999999999993
./model.xml	obj	R_rxn01575_c0	optimal	-2.124521061205178e-18
./model.xml	obj	R_rxn01602_c0	optimal	0.06948999999999994
./model.xml	obj	R_rxn01603_c0	optimal	-1.5429379341176887e-13
./model.xml	obj	R_rxn01629_c0	optimal	4.2891000413735176e-16
./model.xml	obj	R_rxn01636_c0	optimal	-2.044559705029555e-17
./model.xml	obj	R_rxn01637_c0	optimal	3.095517542942402e-14
./model.xml	obj	R_rxn01643_c0	optimal	1.375058132106823e-18
./model.xml	obj	R_rxn01644_c0	optimal	0.06948999999999993
./model.xml	obj	R_rxn01652_c0	optimal	0.06949000000000002
./model.xml	obj	R_rxn01653_c0	optimal	0.0694900000000002
./model.xml	obj	R_rxn01669_c0	optimal	0.06949000000000338
./model.xml	obj	R_rxn01670_c0	optimal	0.06948999999999994
./model.xml	obj	R_rxn01672_c0	optimal	7.17486169868175e-18
./model.xml	obj	R_rxn01673_c0	optimal	0.06949000000000213
./model.xml	obj	R_rxn01674_c0	optimal	0.06948999999999823
./model.xml	obj	R_rxn01675_c0	optimal	-3.7531649103996844e-16
./model.xml	obj	R_rxn01678_c0	optimal	0.06948999999999973
./model.xml	obj	R_rxn01679_c0	optimal	0.06948999999999332
./model.xml	obj	R_rxn01682_c0	optimal	0.06948999999999962
./model.xml	obj	R_rxn01705_c0	optimal	0.06948999999999995
./model.xml	obj	R_rxn01706_c0	optimal	0.06948999999999994
./model.xml	obj	R_rxn01710_c0	optimal	0.0694900000000488
./model.xml	obj	R_rxn01715_c0	optimal	0.06948999999999823
./model.xml	obj	R_rxn01739_c0	optimal	8.067322879763582e-16
./model.xml	obj	R_rxn01740_c0	optimal	-8.053730690033634e-17
./model.xml	obj	R_rxn01790_c0	optimal	4.245149602355813e-18
./model.xml	obj	R_rxn01791_c0	optimal	5.6601994698077505e-18
./model.xml	obj	R_rxn01802_c0	optimal	0.0694900000000046
./model.xml	obj	R_rxn01827_c0	optimal	0.06948999999999976
./model.xml	obj	R_rxn01833_c0	optimal	0.06948999999999994
./model.xml	obj	R_rxn01834_c0	optimal	0.06949000000000158
./model.xml	obj	R_rxn01851_c0	optimal	0.06948999999999994
./model.xml	obj	R_rxn01858_c0	optimal	0.06949000000000008
./model.xml	obj	R_rxn01870_c0	optimal	0.06948999999999998
./model.xml	obj	R_rxn01871_c0	optimal	0.06949000000000008
./model.xml	obj	R_rxn01917_c0	optimal	-7.075249337259687e-18
./model.xml	obj	R_rxn01961_c0	optimal	0.06949000000000013
./model.xml	obj	R_rxn01962_c0	optimal	0.06949000000000244
./model.xml	obj	R_rxn01964_c0	optimal	0.06948999999999915
./model.xml	obj	R_rxn01966_c0	optimal	0.06948999999999994
./model.xml	obj	R_rxn01967_c0	optimal	1.0550478395636123e-17
./model.xml	obj	R_rxn01974_c0	optimal	0.06948999999999998
./model.xml	obj	R_rxn01987_c0	optimal	0.06948999999999958
./model.xml	obj	R_rxn01997_c0	optimal	4.4861733682027844e-18
./model.xml	obj	R_rxn02000_c0	optimal	-4.734137480194303e-19
./model.xml	obj	R_rxn02003_c0	optimal	2.825295336225662e-17
./model.xml	obj	R_rxn02007_c0	optimal	0.0694899999999999
./model.xml	obj	R_rxn02008_c0	optimal	4.9556749997223935e-17
./model.xml	obj	R_rxn02011_c0	optimal	-1.2782171196524619e-17
./model.xml	obj	R_rxn02021_c0	optimal	0.06948999999999718
./model.xml	obj	R_rxn02056_c0	optimal	-1.7762785559678596e-17
./model.xml	obj	R_rxn02090_c0	optimal	0.06949000000000002
./model.xml	obj	R_rxn02104_c0	optimal	0.06948999999999998
./model.xml	obj	R_rxn02128_c0	optimal	0.0694899999999933
./model.xml	obj	R_rxn02155_c0	optimal	0.06949000000000001
./model.xml	obj	R_rxn02159_c0	optimal	2.7586471369383557e-16
./model.xml	obj	R_rxn02160_c0	optimal	8.098492426341877e-18
./model.xml	obj	R_rxn02166_c0	optimal	0.0694899999999999
./model.xml	obj	R_rxn02175_c0	optimal	1.9286014240741187e-17
./model.xml	obj	R_rxn02177_c0	optimal	0.06948999999999993
./model.xml	obj	R_rxn02185_c0	optimal	0.0
./model.xml	obj	R_rxn02186_c0	optimal	1.6042344874579178e-17
./model.xml	obj	R_rxn02200_c0	optimal	0.06948999999999454
./model.xml	obj	R_rxn02201_c0	optimal	0.06948999999999995
./model.xml	obj	R_rxn02212_c0	optimal	-3.8572028481482375e-17
./model.xml	obj	R_rxn02213_c0	optimal	-5.846967838355329e-17
./model.xml	obj	R_rxn02264_c0	optimal	7.480399153255903e-16
./model.xml	obj	R_rxn02277_c0	optimal	-4.166040982570987e-17
./model.xml	obj	R_rxn02285_c0	optimal	7.101206220291454e-18
./model.xml	obj	R_rxn02286_c0	optimal	-3.8572028481482375e-17
./model.xml	obj	R_rxn02288_c0	optimal	2.370567728536818e-17
./model.xml	obj	R_rxn02297_c0	optimal	0.06948999999999991
./model.xml	obj	R_rxn02303_c0	optimal	2.1118195182384025e-14
./model.xml	obj	R_rxn02304_c0	optimal	1.0303927146845113e-16
./model.xml	obj	R_rxn02305_c0	optimal	-3.8338723335649817e-17
./model.xml	obj	R_rxn02312_c0	optimal	2.2344709239040612e-15
./model.xml	obj	R_rxn02314_c0	optimal	0.06948999999999995
./model.xml	obj	R_rxn02320_c0	optimal	-1.2744744188122921e-16
./model.xml	obj	R_rxn02331_c0	optimal	2.3549200222304363e-17
./model.xml	obj	R_rxn02341_c0	optimal	-1.8845569334448704e-17
./model.xml	obj	R_rxn02342_c0	optimal	0.06948999999999995
./model.xml	obj	R_rxn02373_c0	optimal	0.06949000000000129
./model.xml	obj	R_rxn02374_c0	optimal	0.06949
./model.xml	obj	R_rxn02380_c0	optimal	6.961446461998775e-16
./model.xml	obj	R_rxn02400_c0	optimal	0.06949000000000123
./model.xml	obj	R_rxn02402_c0	optimal	-5.5237547591334627e-17
./model.xml	obj	R_rxn02404_c0	optimal	-3.927209555459349e-17
./model.xml	obj	R_rxn02405_c0	optimal	0.0
./model.xml	obj	R_rxn02465_c0	optimal	2.935165237720468e-17
./model.xml	obj	R_rxn02473_c0	optimal	-2.9540782961255343e-20
./model.xml	obj	R_rxn02474_c0	optimal	0.06948999999999994
./model.xml	obj	R_rxn02475_c0	optimal	0.06948999999999995
./model.xml	obj	R_rxn02476_c0	optimal	4.338176156596623e-16
./model.xml	obj	R_rxn02484_c0	optimal	0.06948999999999995
./model.xml	obj	R_rxn02503_c0	optimal	0.06948999999999969
./model.xml	obj	R_rxn02504_c0	optimal	1.601725585041203e-14
./model.xml	obj	R_rxn02507_c0	optimal	2.2645427703598762e-17
./model.xml	obj	R_rxn02508_c0	optimal	-3.9966267509276843e-17
./model.xml	obj	R_rxn02517_c0	optimal	0.06949000000000716
./model.xml	obj	R_rxn02518_c0	optimal	0.06949000000000134
./model.xml	obj	R_rxn02529_c0	optimal	0.06948999999999449
./model.xml	obj	R_rxn02569_c0	optimal	0.06948999999999915
./model.xml	obj	R_rxn02663_c0	optimal	0.06949000000000129
./model.xml	obj	R_rxn02679_c0	optimal	0.06948999999999957
./model.xml	obj	R_rxn02716_c0	optimal	0.06949000000000241
./model.xml	obj	R_rxn02720_c0	optimal	0.0694899999999999
./model.xml	obj	R_rxn02733_c0	optimal	0.0694900000000488
./model.xml	obj	R_rxn02761_c0	optimal	0.06948999999999991
./model.xml	obj	R_rxn02774_c0	optimal	-2.8345828470366725e-16
./model.xml	obj	R_rxn02782_c0	optimal	0.0694899999999999
./model.xml	obj	R_rxn02789_c0	optimal	3.783332130700507e-17
./model.xml	obj	R_rxn02791_c0	optimal	0.06948999999999993
./model.xml	obj	R_rxn02792_c0	optimal	0.06949000000013963
./model.xml	obj	R_rxn02803_c0	optimal	0.06949000000000022
./model.xml	obj	R_rxn02811_c0	optimal	-1.2053758900463242e-18
./model.xml	obj	R_rxn02831_c0	optimal	2.1432216105843622e-17
./model.xml	obj	R_rxn02832_c0	optimal	3.396113847226778e-16
./model.xml	obj	R_rxn02834_c0	optimal	-1.8916660653502535e-17
./model.xml	obj	R_rxn02835_c0	optimal	2.3544127801880516e-18
./model.xml	obj	R_rxn02853_c0	optimal	0.06948999999999966
./model.xml	obj	R_rxn02895_c0	optimal	-4.370967326419119e-15
./model.xml	obj	R_rxn02897_c0	optimal	0.0
./model.xml	obj	R_rxn02898_c0	optimal	-3.186872446007275e-17
./model.xml	obj	R_rxn02916_c0	optimal	0.06948999999999823
./model.xml	obj	R_rxn02929_c0	optimal	0.06948999999999995
./model.xml	obj	R_rxn02933_c0	optimal	0.06949000000000123
./model.xml	obj	R_rxn02937_c0	optimal	1.5908171763389148e-14
./model.xml	obj	R_rxn02945_c0	optimal	1.4584254309326477e-16
./model.xml	obj	R_rxn02959_c0	optimal	0.06948999999999438
./model.xml	obj	R_rxn02985_c0	optimal	0.06948999999999438
./model.xml	obj	R_rxn02986_c0	optimal	0.0694899999999997
./model.xml	obj	R_rxn02988_c0	optimal	-5.038851989197623e-13
./model.xml	obj	R_rxn02989_c0	optimal	0.06949000000000338
./model.xml	obj	R_rxn03004_c0	optimal	0.0694900000000021
./model.xml	obj	R_rxn03005_c0	optimal	0.0694900000000011
./model.xml	obj	R_rxn03012_c0	optimal	0.06949000000000113
./model.xml	obj	R_rxn03039_c0	optimal	0.06948999999837283
./model.xml	obj	R_rxn03047_c0	optimal	0.06948999999999997
./model.xml	obj	R_rxn03057_c0	optimal	0.06949000000000007
./model.xml	obj	R_rxn03062_c0	optimal	-1.1038108052330363e-17
./model.xml	obj	R_rxn03068_c0	optimal	0.06949000000000019
./model.xml	obj	R_rxn03080_c0	optimal	0.06949000000000018
./model.xml	obj	R_rxn03084_c0	optimal	6.745716588851778e-16
./model.xml	obj	R_rxn03108_c0	optimal	0.0
./model.xml	obj	R_rxn03130_c0	optimal	3.8338723335649817e-17
./model.xml	obj	R_rxn03135_c0	optimal	7.564133461521329e-18
./model.xml	obj	R_rxn03136_c0	optimal	2.51120248438844e-15
./model.xml	obj	R_rxn03137_c0	optimal	-5.934146648330493e-16
./model.xml	obj	R_rxn03141_c0	optimal	0.06948999999999994
./model.xml	obj	R_rxn03146_c0	optimal	2.4579149505665636e-16
./model.xml	obj	R_rxn03147_c0	optimal	-1.3517770216877866e-15
./model.xml	obj	R_rxn03150_c0	optimal	2.0459986847795166e-16
./model.xml	obj	R_rxn03159_c0	optimal	2.8362356167089127e-16
./model.xml	obj	R_rxn03164_c0	optimal	-6.12728577339074e-17
./model.xml	obj	R_rxn03167_c0	optimal	-1.8238322978501563e-13
./model.xml	obj	R_rxn03174_c0	optimal	0.06949000000000002
./model.xml	obj	R_rxn03175_c0	optimal	-6.48417613520783e-18
./model.xml	obj	R_rxn03181_c0	optimal	1.3643720059202582e-18
./model.xml	obj	R_rxn03182_c0	optimal	-4.219443319980469e-17
./model.xml	obj	R_rxn03194_c0	optimal	0.06948999999999994
./model.xml	obj	R_rxn03236_c0	optimal	0.06949000000000355
./model.xml	obj	R_rxn03249_c0	optimal	0.06948999999999991
./model.xml	obj	R_rxn03251_c0	optimal	0.06948999999999994
./model.xml	obj	R_rxn03253_c0	optimal	0.06948999999999983
./model.xml	obj	R_rxn03264_c0	optimal	0.06949000000000113
./model.xml	obj	R_rxn03269_c0	optimal	0.06949000000000377
./model.xml	obj	R_rxn03384_c0	optimal	0.06948999999999535
./model.xml	obj	R_rxn03393_c0	optimal	-1.5012659641598736e-16
./model.xml	obj	R_rxn03395_c0	optimal	2.0636830445033267e-15
./model.xml	obj	R_rxn03396_c0	optimal	-3.239396970536751e-17
./model.xml	obj	R_rxn03397_c0	optimal	5.419178306500548e-17
./model.xml	obj	R_rxn03406_c0	optimal	0.0694900000000001
./model.xml	obj	R_rxn03407_c0	optimal	0.06949000000000129
./model.xml	obj	R_rxn03408_c0	optimal	1.433976245493408e-17
./model.xml	obj	R_rxn03409_c0	optimal	0.06948999999999998
./model.xml	obj	R_rxn03419_c0	optimal	0.06949000000000022
./model.xml	obj	R_rxn03421_c0	optimal	0.06948999999999275
./model.xml	obj	R_rxn03435_c0	optimal	5.6601994698077505e-18
./model.xml	obj	R_rxn03436_c0	optimal	-4.82997541157186e-18
./model.xml	obj	R_rxn03437_c0	optimal	-9.19092866008611e-17
./model.xml	obj	R_rxn03439_c0	optimal	0.0
./model.xml	obj	R_rxn03446_c0	optimal	0.06948999999999976
./model.xml	obj	R_rxn03504_c0	optimal	0.06948999999999995
./model.xml	obj	R_rxn03511_c0	optimal	3.4541142761783455e-17
./model.xml	obj	R_rxn03535_c0	optimal	0.06948999999999995
./model.xml	obj	R_rxn03536_c0	optimal	0.06948999999999995
./model.xml	obj	R_rxn03537_c0	optimal	2.7390860722449416e-17
./model.xml	obj	R_rxn03538_c0	optimal	0.0
./model.xml	obj	R_rxn03540_c0	optimal	0.06949000000000002
./model.xml	obj	R_rxn03542_c0	optimal	0.0694900000000002
./model.xml	obj	R_rxn03638_c0	optimal	2.8300997349038753e-18
./model.xml	obj	R_rxn03646_c0	optimal	0.06949000000000327
./model.xml	obj	R_rxn03841_c0	optimal	4.895001548871551e-18
./model.xml	obj	R_rxn03843_c0	optimal	-4.128785589993057e-17
./model.xml	obj	R_rxn03852_c0	optimal	0.06948999999999927
./model.xml	obj	R_rxn03884_c0	optimal	0.06948999999999976
./model.xml	obj	R_rxn03893_c0	optimal	-7.078678819081638e-17
./model.xml	obj	R_rxn03901_c0	optimal	1.860042616984403e-16
./model.xml	obj	R_rxn03903_c0	optimal	0.06949
./model.xml	obj	R_rxn03904_c0	optimal	8.285632138700194e-17
./model.xml	obj	R_rxn03907_c0	optimal	-2.9540782961255343e-20
./model.xml	obj	R_rxn03908_c0	optimal	-7.534120896601764e-17
./model.xml	obj	R_rxn03909_c0	optimal	-2.01890933280469e-17
./model.xml	obj	R_rxn03910_c0	optimal	-4.265865234437262e-18
./model.xml	obj	R_rxn03916_c0	optimal	1.1320398939615501e-17
./model.xml	obj	R_rxn03917_c0	optimal	-9.350498941569879e-18
./model.xml	obj	R_rxn03918_c0	optimal	-3.186872446007275e-17
./model.xml	obj	R_rxn03919_c0	optimal	6.857713786124366e-17
./model.xml	obj	R_rxn03933_c0	optimal	0.06949000000000001
./model.xml	obj	R_rxn03951_c0	optimal	0.06949000000000327
./model.xml	obj	R_rxn03958_c0	optimal	-1.4308658586354173e-17
./model.xml	obj	R_rxn03962_c0	optimal	0.06949000000000924
./model.xml	obj	R_rxn04045_c0	optimal	0.06948999999999661
./model.xml	obj	R_rxn04046_c0	optimal	0.06949
./model.xml	obj	R_rxn04047_c0	optimal	0.06948999999999994
./model.xml	obj	R_rxn04048_c0	optimal	0.06948999999999993
./model.xml	obj	R_rxn04050_c0	optimal	0.06948999999999995
./model.xml	obj	R_rxn04052_c0	optimal	0.06948999999999994
./model.xml	obj	R_rxn04070_c0	optimal	0.0694900000000011
./model.xml	obj	R_rxn04113_c0	optimal	0.06948999999999997
./model.xml	obj	R_rxn04132_c0	optimal	0.06948999999999995
./model.xml	obj	R_rxn04133_c0	optimal	0.06948999999999998
./model.xml	obj	R_rxn04139_c0	optimal	-2.4120310188425606e-17
./model.xml	obj	R_rxn04152_c0	optimal	0.06948999999999997
./model.xml	obj	R_rxn04153_c0	optimal	0.06948999999999977
./model.xml	obj	R_rxn04154_c0	optimal	0.06948999999999962
./model.xml	obj	R_rxn04159_c0	optimal	0.06948999999999998
./model.xml	obj	R_rxn04161_c0	optimal	0.06948999999999994
./model.xml	obj	R_rxn04162_c0	optimal	0.06949000000000213
./model.xml	obj	R_rxn04308_c0	optimal	2.825295336225662e-17
./model.xml	obj	R_rxn04384_c0	optimal	0.06948999999999993
./model.xml	obj	R_rxn04385_c0	optimal	0.06948999999999995
./model.xml	obj	R_rxn04413_c0	optimal	0.06948999999999998
./model.xml	obj	R_rxn04453_c0	optimal	0.06948999999999982
./model.xml	obj	R_rxn04457_c0	optimal	0.06949000000000215
./model.xml	obj	R_rxn04705_c0	optimal	0.06948999999999295
./model.xml	obj	R_rxn04750_c0	optimal	0.06949000000000327
./model.xml	obj	R_rxn04783_c0	optimal	2.9574946177968055e-14
./model.xml	obj	R_rxn04791_c0	optimal	0.06949000000000241
./model.xml	obj	R_rxn04792_c0	optimal	0.0694899999999933
./model.xml	obj	R_rxn04938_c0	optimal	0.06949000000000444
./model.xml	obj	R_rxn05005_c0	optimal	-1.1853944355338e-17
./model.xml	obj	R_rxn05006_c0	optimal	2.2991636495490155e-15
./model.xml	obj	R_rxn05024_c0	optimal	0.06949000000000008
./model.xml	obj	R_rxn05029_c0	optimal	-4.215424658835079e-18
./model.xml	obj	R_rxn05034_c0	optimal	0.06949000000000001
./model.xml	obj	R_rxn05040_c0	optimal	0.0694899999999999
./model.xml	obj	R_rxn05054_c0	optimal	0.06948999999999989
./model.xml	obj	R_rxn05064_c0	optimal	0.0694900000000002
./model.xml	obj	R_rxn05109_c0	optimal	0.06948999999999995
./model.xml	obj	R_rxn05114_c0	optimal	3.4429130607791603e-15
./model.xml	obj	R_rxn05115_c0	optimal	3.649891302499986e-15
./model.xml	obj	R_rxn05120_c0	optimal	0.06948999999999994
./model.xml	obj	R_rxn05144_c0	optimal	-4.538480076912797e-17
./model.xml	obj	R_rxn05145_c0	optimal	0.06949000000000716
./model.xml	obj	R_rxn05148_c0	optimal	0.0694900000000001
./model.xml	obj	R_rxn05149_c0	optimal	-6.586015289736053e-17
./model.xml	obj	R_rxn05150_c0	optimal	0.0694900000000488
./model.xml	obj	R_rxn05153_c0	optimal	0.0694899999999999
./model.xml	obj	R_rxn05155_c0	optimal	0.06948999999999983
./model.xml	obj	R_rxn05157_c0	optimal	0.06948999999999962
./model.xml	obj	R_rxn05161_c0	optimal	0.06948999999999994
./model.xml	obj	R_rxn05163_c0	optimal	0.06948999999999966
./model.xml	obj	R_rxn05168_c0	optimal	0.06949000000000186
./model.xml	obj	R_rxn05170_c0	optimal	0.06948999999999989
./model.xml	obj	R_rxn05174_c0	optimal	0.06948999999999995
./model.xml	obj	R_rxn05175_c0	optimal	0.06948999999999994
./model.xml	obj	R_rxn05176_c0	optimal	0.06948999999999997
./model.xml	obj	R_rxn05179_c0	optimal	0.06949000000000924
./model.xml	obj	R_rxn05188_c0	optimal	0.06949000000000013
./model.xml	obj	R_rxn05189_c0	optimal	0.06948999999999994
./model.xml	obj	R_rxn05195_c0	optimal	0.06948999999999995
./model.xml	obj	R_rxn05202_c0	optimal	0.06948999999999823
./model.xml	obj	R_rxn05206_c0	optimal	0.06949
./model.xml	obj	R_rxn05209_c0	optimal	0.06948999999999979
./model.xml	obj	R_rxn05217_c0	optimal	0.0694899999999537
./model.xml	obj	R_rxn05223_c0	optimal	0.06949000000000026
./model.xml	obj	R_rxn05226_c0	optimal	0.06948999999999989
./model.xml	obj	R_rxn05232_c0	optimal	1.0799046224734273e-16
./model.xml	obj	R_rxn05233_c0	optimal	-5.547105097733141e-16
./model.xml	obj	R_rxn05235_c0	optimal	0.0
./model.xml	obj	R_rxn05239_c0	optimal	0.06949000000000002
./model.xml	obj	R_rxn05243_c0	optimal	0.06948999999999943
./model.xml	obj	R_rxn05244_c0	optimal	0.06949000000000338
./model.xml	obj	R_rxn05247_c0	optimal	0.06948999999999983
./model.xml	obj	R_rxn05248_c0	optimal	0.06949000000010508
./model.xml	obj	R_rxn05249_c0	optimal	0.06948999999999983
./model.xml	obj	R_rxn05250_c0	optimal	0.06948999999999945
./model.xml	obj	R_rxn05251_c0	optimal	0.06948999999999994
./model.xml	obj	R_rxn05252_c0	optimal	0.06948999999999977
./model.xml	obj	R_rxn05255_c0	optimal	0.06948999999999993
./model.xml	obj	R_rxn05256_c0	optimal	0.06949000000000004
./model.xml	obj	R_rxn05289_c0	optimal	0.06949000000000022
./model.xml	obj	R_rxn05297_c0	optimal	0.06948999999999962
./model.xml	obj	R_rxn05298_c0	optimal	0.06948999999999995
./model.xml	obj	R_rxn05299_c0	optimal	0.06948999999999332
./model.xml	obj	R_rxn05300_c0	optimal	0.06948999999999993
./model.xml	obj	R_rxn05301_c0	optimal	0.06948999999999982
./model.xml	obj	R_rxn05303_c0	optimal	0.06948999999999982
./model.xml	obj	R_rxn05305_c0	optimal	0.06949000000000129
./model.xml	obj	R_rxn05306_c0	optimal	0.06948999999999969
./model.xml	obj	R_rxn05307_c0	optimal	0.06949000000000069
./model.xml	obj	R_rxn05308_c0	optimal	0.06948999999999375
./model.xml	obj	R_rxn05310_c0	optimal	0.06948999999999227
./model.xml	obj	R_rxn05312_c0	optimal	0.06948999999999991
./model.xml	obj	R_rxn05313_c0	optimal	0.06948999999999995
./model.xml	obj	R_rxn05315_c0	optimal	0.0694899999999999
./model.xml	obj	R_rxn05319_c0	infeasible	NaN
./model.xml	obj	R_rxn05322_c0	optimal	5.8982651285615105e-18
./model.xml	obj	R_rxn05323_c0	optimal	0.06948999999999989
./model.xml	obj	R_rxn05324_c0	optimal	-4.08911941005911e-18
./model.xml	obj	R_rxn05325_c0	optimal	-2.610402398933243e-16
./model.xml	obj	R_rxn05326_c0	optimal	9.417651120752205e-18
./model.xml	obj	R_rxn05327_c0	optimal	3.178258067500894e-17
./model.xml	obj	R_rxn05328_c0	optimal	0.06949000000000134
./model.xml	obj	R_rxn05329_c0	optimal	1.1320398939615501e-17
./model.xml	obj	R_rxn05330_c0	optimal	-9.819525978370843e-17
./model.xml	obj	R_rxn05331_c0	optimal	-8.875835820398316e-18
./model.xml	obj	R_rxn05332_c0	optimal	0.06949000000000004
./model.xml	obj	R_rxn05333_c0	optimal	3.525377667243654e-17
./model.xml	obj	R_rxn05334_c0	optimal	1.329385435608679e-16
./model.xml	obj	R_rxn05336_c0	optimal	0.06949000000000327
./model.xml	obj	R_rxn05337_c0	optimal	-8.412122220019542e-17
./model.xml	obj	R_rxn05338_c0	optimal	-9.811878778445264e-17
./model.xml	obj	R_rxn05339_c0	optimal	0.0
./model.xml	obj	R_rxn05340_c0	optimal	2.4641057239090322e-17
./model.xml	obj	R_rxn05341_c0	optimal	3.267072120410024e-18
./model.xml	obj	R_rxn05342_c0	optimal	-2.1315342671614318e-17
./model.xml	obj	R_rxn05343_c0	optimal	4.0324695451219534e-18
./model.xml	obj	R_rxn05344_c0	optimal	0.06948999999999993
./model.xml	obj	R_rxn05345_c0	optimal	8.490299204711626e-18
./model.xml	obj	R_rxn05346_c0	optimal	-1.580342218565718e-16
./model.xml	obj	R_rxn05347_c0	optimal	0.06949000000000123
./model.xml	obj	R_rxn05348_c0	optimal	6.478793941073502e-17
./model.xml	obj	R_rxn05349_c0	optimal	0.06949000000000123
./model.xml	obj	R_rxn05350_c0	optimal	-2.9561677387370514e-17
./model.xml	obj	R_rxn05360_c0	optimal	0.0694899999999999
./model.xml	obj	R_rxn05361_c0	optimal	0.06948999999999994
./model.xml	obj	R_rxn05364_c0	optimal	0.06948999999999295
./model.xml	obj	R_rxn05368_c0	optimal	0.06948999999999948
./model.xml	obj	R_rxn05372_c0	optimal	0.06948999999999994
./model.xml	obj	R_rxn05373_c0	optimal	0.06948999999999994
./model.xml	obj	R_rxn05376_c0	optimal	0.06948999999999982
./model.xml	obj	R_rxn05380_c0	optimal	0.06948999999999991
./model.xml	obj	R_rxn05381_c0	optimal	0.0694899999999999
./model.xml	obj	R_rxn05385_c0	optimal	0.06949000000010508
./model.xml	obj	R_rxn05386_c0	optimal	0.06948999999999943
./model.xml	obj	R_rxn05389_c0	optimal	0.06949000000000027
./model.xml	obj	R_rxn05390_c0	optimal	0.06948999999999995
./model.xml	obj	R_rxn05393_c0	optimal	0.0694899999999999
./model.xml	obj	R_rxn05398_c0	optimal	0.06948999999999995
./model.xml	obj	R_rxn05401_c0	optimal	0.06948999999771087
./model.xml	obj	R_rxn05405_c0	optimal	0.06948999999999994
./model.xml	obj	R_rxn05406_c0	optimal	0.06948999999999994
./model.xml	obj	R_rxn05410_c0	optimal	0.06948999999999993
./model.xml	obj	R_rxn05414_c0	optimal	0.06948999999999994
./model.xml	obj	R_rxn05418_c0	optimal	0.06948999999999993
./model.xml	obj	R_rxn05422_c0	optimal	0.06948999999999998
./model.xml	obj	R_rxn05426_c0	optimal	0.06949000000000004
./model.xml	obj	R_rxn05430_c0	optimal	0.0694899999999999
./model.xml	obj	R_rxn05433_c0	optimal	0.06949000000000008
./model.xml	obj	R_rxn05434_c0	optimal	0.06948999999999995
./model.xml	obj	R_rxn05435_c0	optimal	0.06948999999999966
./model.xml	obj	R_rxn05436_c0	optimal	0.06949000000000129
./model.xml	obj	R_rxn05437_c0	optimal	0.06949000000000001
./model.xml	obj	R_rxn05438_c0	optimal	0.06949000000000004
./model.xml	obj	R_rxn05439_c0	optimal	0.0694900000000002
./model.xml	obj	R_rxn05440_c0	optimal	0.06948999999999995
./model.xml	obj	R_rxn05441_c0	optimal	0.06949000000000444
./model.xml	obj	R_rxn05442_c0	optimal	0.06949000000000002
./model.xml	obj	R_rxn05443_c0	optimal	0.0694900000000001
./model.xml	obj	R_rxn05444_c0	optimal	0.06948999999999995
./model.xml	obj	R_rxn05445_c0	optimal	0.06948999999999994
./model.xml	obj	R_rxn05446_c0	optimal	0.06949
./model.xml	obj	R_rxn05447_c0	optimal	0.06948999999999976
./model.xml	obj	R_rxn05448_c0	optimal	0.06948999999999995
./model.xml	obj	R_rxn05449_c0	optimal	0.0694899999999999
./model.xml	obj	R_rxn05450_c0	optimal	0.06948999999999984
./model.xml	obj	R_rxn05457_c0	optimal	1.0799046224734273e-16
./model.xml	obj	R_rxn05458_c0	optimal	0.06948999999999994
./model.xml	obj	R_rxn05459_c0	optimal	0.06949000000000355
./model.xml	obj	R_rxn05460_c0	optimal	0.0694900000000001
./model.xml	obj	R_rxn05461_c0	optimal	0.06948999999999998
./model.xml	obj	R_rxn05462_c0	optimal	0.06948999999999994
./model.xml	obj	R_rxn05465_c0	optimal	-1.6121906139874395e-18
./model.xml	obj	R_rxn05466_c0	optimal	0.06948999999999982
./model.xml	obj	R_rxn05467_c0	optimal	-2.450914309356296e-16
./model.xml	obj	R_rxn05468_c0	optimal	0.06949000000000355
./model.xml	obj	R_rxn05496_c0	optimal	0.06948999999999995
./model.xml	obj	R_rxn05508_c0	optimal	0.06948999999999995
./model.xml	obj	R_rxn05514_c0	optimal	2.4111104685602682e-17
./model.xml	obj	R_rxn05516_c0	optimal	0.06949000000000004
./model.xml	obj	R_rxn05517_c0	optimal	0.06948999999999983
./model.xml	obj	R_rxn05527_c0	optimal	0.06948999999999995
./model.xml	obj	R_rxn05528_c0	optimal	0.06948999999999994
./model.xml	obj	R_rxn05533_c0	optimal	0.06948999999999994
./model.xml	obj	R_rxn05534_c0	optimal	0.06948999999999332
./model.xml	obj	R_rxn05535_c0	optimal	0.06948999999999994
./model.xml	obj	R_rxn05536_c0	optimal	0.06949000000000002
./model.xml	obj	R_rxn05537_c0	optimal	0.06948999999999275
./model.xml	obj	R_rxn05538_c0	optimal	0.06948999999999997
./model.xml	obj	R_rxn05539_c0	optimal	0.06949000000000008
./model.xml	obj	R_rxn05540_c0	optimal	0.06949000000000002
./model.xml	obj	R_rxn05541_c0	optimal	0.06948999999999943
./model.xml	obj	R_rxn05542_c0	optimal	0.06948999999999919
./model.xml	obj	R_rxn05543_c0	optimal	0.06949000000000022
./model.xml	obj	R_rxn05544_c0	optimal	0.06949000000000338
./model.xml	obj	R_rxn05545_c0	optimal	0.06949000000000018
./model.xml	obj	R_rxn05546_c0	optimal	0.06948999999999995
./model.xml	obj	R_rxn05547_c0	optimal	0.06949000000000716
./model.xml	obj	R_rxn05557_c0	optimal	0.06948999999999994
./model.xml	obj	R_rxn05582_c0	optimal	0.06948999999999973
./model.xml	obj	R_rxn05602_c0	optimal	0.06948999999999857
./model.xml	obj	R_rxn05608_c0	optimal	0.06949000000000008
./model.xml	obj	R_rxn05616_c0	optimal	0.06949000000019169
./model.xml	obj	R_rxn05627_c0	optimal	2.289385682645832e-34
./model.xml	obj	R_rxn05638_c0	optimal	0.06948999999999991
./model.xml	obj	R_rxn05645_c0	optimal	0.06948999999999995
./model.xml	obj	R_rxn05651_c0	optimal	0.06948999999999994
./model.xml	obj	R_rxn05652_c0	optimal	0.0694899999999999
./model.xml	obj	R_rxn05655_c0	optimal	0.06948999999999998
./model.xml	obj	R_rxn05663_c0	optimal	0.06948999999999823
./model.xml	obj	R_rxn05669_c0	optimal	0.06948999999999997
./model.xml	obj	R_rxn05687_c0	optimal	0.06948999999999972
./model.xml	obj	R_rxn05733_c0	optimal	0.06948999999999995
./model.xml	obj	R_rxn05734_c0	optimal	0.06948999999999661
./model.xml	obj	R_rxn05735_c0	optimal	0.06948999999999994
./model.xml	obj	R_rxn05736_c0	optimal	-1.5134644151313995e-17
./model.xml	obj	R_rxn05740_c0	optimal	0.06948999999999401
./model.xml	obj	R_rxn05744_c0	optimal	-2.8750053628108436e-16
./model.xml	obj	R_rxn05746_c0	optimal	-1.2152295499275713e-17
./model.xml	obj	R_rxn05893_c0	optimal	0.06948999999999993
./model.xml	obj	R_rxn05902_c0	optimal	-7.580814764183187e-17
./model.xml	obj	R_rxn05937_c0	optimal	2.3600319470532126e-16
./model.xml	obj	R_rxn06023_c0	optimal	-2.4864576707027765e-17
./model.xml	obj	R_rxn06077_c0	optimal	0.06948999999999375
./model.xml	obj	R_rxn06299_c0	optimal	0.06948999999999976
./model.xml	obj	R_rxn06377_c0	optimal	-5.560366026943109e-16
./model.xml	obj	R_rxn06445_c0	optimal	0.06949000000000008
./model.xml	obj	R_rxn06493_c0	optimal	9.427767069808178e-16
./model.xml	obj	R_rxn06591_c0	optimal	-1.4928821473401735e-13
./model.xml	obj	R_rxn06600_c0	optimal	0.0
./model.xml	obj	R_rxn06672_c0	optimal	0.0694899999999933
./model.xml	obj	R_rxn06673_c0	optimal	0.06949
./model.xml	obj	R_rxn06723_c0	optimal	-9.417651120752205e-18
./model.xml	obj	R_rxn06729_c0	optimal	-3.641355482320835e-16
./model.xml	obj	R_rxn06848_c0	optimal	1.0569381035082586e-17
./model.xml	obj	R_rxn06864_c0	optimal	0.06948999999999998
./model.xml	obj	R_rxn06865_c0	optimal	1.4947245687877833e-17
./model.xml	obj	R_rxn06937_c0	optimal	2.0032122020895842e-17
./model.xml	obj	R_rxn06979_c0	optimal	0.0694900000000001
./model.xml	obj	R_rxn07341_c0	optimal	5.610299364941927e-18
./model.xml	obj	R_rxn07342_c0	optimal	-1.160346912994629e-16
./model.xml	obj	R_rxn07343_c0	optimal	0.0
./model.xml	obj	R_rxn07436_c0	optimal	0.06949000000000444
./model.xml	obj	R_rxn07441_c0	optimal	0.06948999999999993
./model.xml	obj	R_rxn07466_c0	optimal	0.06949000000000001
./model.xml	obj	R_rxn07584_c0	optimal	0.06948999999999994
./model.xml	obj	R_rxn07586_c0	optimal	0.06948999999999962
./model.xml	obj	R_rxn07587_c0	optimal	0.0694899999999999
./model.xml	obj	R_rxn07588_c0	optimal	0.06948999999999947
./model.xml	obj	R_rxn07589_c0	optimal	0.06949
./model.xml	obj	R_rxn07976_c0	optimal	0.06949000000000018
./model.xml	obj	R_rxn07977_c0	optimal	0.0694900000000046
./model.xml	obj	R_rxn07979_c0	optimal	0.06948999999999995
./model.xml	obj	R_rxn08015_c0	optimal	0.0694899999999997
./model.xml	obj	R_rxn08017_c0	optimal	0.0694899999999999
./model.xml	obj	R_rxn08020_c0	optimal	0.06948999999999915
./model.xml	obj	R_rxn08021_c0	optimal	0.06948999999999997
./model.xml	obj	R_rxn08040_c0	optimal	0.06948999999999995
./model.xml	obj	R_rxn08043_c0	optimal	0.0694900000000002
./model.xml	obj	R_rxn08044_c0	optimal	0.06948999999999995
./model.xml	obj	R_rxn08073_c0	optimal	0.06949000000000013
./model.xml	obj	R_rxn08076_c0	optimal	0.06948999999999993
./model.xml	obj	R_rxn08078_c0	optimal	0.06948999999999993
./model.xml	obj	R_rxn08084_c0	optimal	0.06948999999999994
./model.xml	obj	R_rxn08088_c0	optimal	0.0
./model.xml	obj	R_rxn08089_c0	optimal	0.0694900000000011
./model.xml	obj	R_rxn08098_c0	optimal	0.06948999999999994
./model.xml	obj	R_rxn08123_c0	optimal	0.0694899999997095
./model.xml	obj	R_rxn08124_c0	optimal	0.06948999999999994
./model.xml	obj	R_rxn08126_c0	optimal	2.72721228464892e-16
./model.xml	obj	R_rxn08127_c0	optimal	0.06948999999999993
./model.xml	obj	R_rxn08128_c0	optimal	0.06949000000000004
./model.xml	obj	R_rxn08129_c0	optimal	0.06949000000000018
./model.xml	obj	R_rxn08130_c0	optimal	-4.636142258549713e-17
./model.xml	obj	R_rxn08131_c0	optimal	-4.8847660289116145e-17
./model.xml	obj	R_rxn08136_c0	optimal	0.0694899999999999
./model.xml	obj	R_rxn08192_c0	optimal	0.06948999999999332
./model.xml	obj	R_rxn08234_c0	optimal	-4.08911941005911e-18
./model.xml	obj	R_rxn08241_c0	optimal	-5.972606776213875e-17
./model.xml	obj	R_rxn08294_c0	optimal	0.06948999999999994
./model.xml	obj	R_rxn08295_c0	optimal	0.0694900000000002
./model.xml	obj	R_rxn08296_c0	optimal	0.06949000000000007
./model.xml	obj	R_rxn08297_c0	optimal	0.06948999999999993
./model.xml	obj	R_rxn08298_c0	optimal	0.06948999999999718
./model.xml	obj	R_rxn08299_c0	optimal	0.06948999999999995
./model.xml	obj	R_rxn08300_c0	optimal	0.06948999999999976
./model.xml	obj	R_rxn08306_c0	optimal	0.06948999999999995
./model.xml	obj	R_rxn08307_c0	optimal	0.06949000000000377
./model.xml	obj	R_rxn08308_c0	optimal	0.06948999999999995
./model.xml	obj	R_rxn08309_c0	optimal	0.06949000000000002
./model.xml	obj	R_rxn08310_c0	optimal	0.06948999999999997
./model.xml	obj	R_rxn08311_c0	optimal	2.4667057782125102e-18
./model.xml	obj	R_rxn08312_c0	optimal	0.06948999999999995
./model.xml	obj	R_rxn08333_c0	optimal	7.075249337259687e-18
./model.xml	obj	R_rxn08335_c0	optimal	0.06948999999999995
./model.xml	obj	R_rxn08336_c0	optimal	0.06949000000000008
./model.xml	obj	R_rxn08352_c0	optimal	0.06948999999999958
./model.xml	obj	R_rxn08396_c0	optimal	0.06948999999999948
./model.xml	obj	R_rxn08502_e0	optimal	0.06948999999999994
./model.xml	obj	R_rxn08546_c0	optimal	0.06949000000000002
./model.xml	obj	R_rxn08548_c0	optimal	0.0694899999999966
./model.xml	obj	R_rxn08549_c0	optimal	0.06949000000000001
./model.xml	obj	R_rxn08583_c0	optimal	4.00356166928891e-17
./model.xml	obj	R_rxn08615_c0	optimal	0.06948999999999915
./model.xml	obj	R_rxn08618_c0	optimal	-3.646694587212253e-17
./model.xml	obj	R_rxn08619_c0	optimal	1.062260530602589e-18
./model.xml	obj	R_rxn08620_c0	optimal	-2.875496545617523e-17
./model.xml	obj	R_rxn08655_c0	optimal	0.06949000000010484
./model.xml	obj	R_rxn08656_c0	optimal	0.06948999999999275
./model.xml	obj	R_rxn08657_c0	optimal	0.06948999999999995
./model.xml	obj	R_rxn08661_c0	optimal	0.06949000000014244
./model.xml	obj	R_rxn08668_c0	optimal	0.06948999999999993
./model.xml	obj	R_rxn08669_c0	optimal	0.06948999999999994
./model.xml	obj	R_rxn08708_c0	optimal	1.0588708893310954e-16
./model.xml	obj	R_rxn08709_c0	optimal	-1.3899839769601197e-17
./model.xml	obj	R_rxn08710_c0	optimal	-4.9154279367755996e-17
./model.xml	obj	R_rxn08711_c0	optimal	5.275239197818061e-18
./model.xml	obj	R_rxn08712_c0	optimal	0.0
./model.xml	obj	R_rxn08713_c0	optimal	2.6348179804856702e-17
./model.xml	obj	R_rxn08715_c0	optimal	0.0694900000000002
./model.xml	obj	R_rxn08734_c0	optimal	-1.160346912994629e-16
./model.xml	obj	R_rxn08762_c0	optimal	0.06949000000000215
./model.xml	obj	R_rxn08766_c0	optimal	0.06948999999999994
./model.xml	obj	R_rxn08796_c0	optimal	0.06948999999999975
./model.xml	obj	R_rxn08797_c0	optimal	0.06948999999999995
./model.xml	obj	R_rxn08798_c0	optimal	0.06949000000000338
./model.xml	obj	R_rxn08799_c0	optimal	0.0694900000000002
./model.xml	obj	R_rxn08800_c0	optimal	0.06948999999999994
./model.xml	obj	R_rxn08801_c0	optimal	3.87997015709238e-17
./model.xml	obj	R_rxn08802_c0	optimal	0.06949000000000008
./model.xml	obj	R_rxn08803_c0	optimal	0.06948999999999982
./model.xml	obj	R_rxn08804_c0	optimal	0.06948999999999995
./model.xml	obj	R_rxn08805_c0	optimal	0.06948999999999994
./model.xml	obj	R_rxn08806_c0	optimal	0.06948999999999994
./model.xml	obj	R_rxn08807_c0	optimal	0.06949000000000027
./model.xml	obj	R_rxn08808_c0	optimal	-1.4832980929987518e-15
./model.xml	obj	R_rxn08809_c0	optimal	-1.7396964210819792e-17
./model.xml	obj	R_rxn08810_c0	optimal	0.06949000000000002
./model.xml	obj	R_rxn08811_c0	optimal	0.06948999999999995
./model.xml	obj	R_rxn08812_c0	optimal	0.0694899999999995
./model.xml	obj	R_rxn08813_c0	optimal	0.06948999999999976
./model.xml	obj	R_rxn08814_c0	optimal	0.06948999999995725
./model.xml	obj	R_rxn08815_c0	optimal	0.06948999999999995
./model.xml	obj	R_rxn08816_c0	optimal	0.06948999999999995
./model.xml	obj	R_rxn08817_c0	optimal	0.06949000000000129
./model.xml	obj	R_rxn08818_c0	optimal	0.06948999999999303
./model.xml	obj	R_rxn08819_c0	optimal	0.06948999999999675
./model.xml	obj	R_rxn08820_c0	optimal	0.06948999999999993
./model.xml	obj	R_rxn08821_c0	optimal	0.06949000000000002
./model.xml	obj	R_rxn08822_c0	optimal	0.06948999999999994
./model.xml	obj	R_rxn08823_c0	optimal	0.06948999999999993
./model.xml	obj	R_rxn08838_c0	optimal	0.06948999999999995
./model.xml	obj	R_rxn08839_c0	optimal	0.06948999999999994
./model.xml	obj	R_rxn08840_c0	optimal	0.06949
./model.xml	obj	R_rxn08841_c0	optimal	0.06948999999999994
./model.xml	obj	R_rxn08842_c0	optimal	0.06948999999999994
./model.xml	obj	R_rxn08843_c0	optimal	0.06949000000000355
./model.xml	obj	R_rxn08844_c0	optimal	0.06948999999999997
./model.xml	obj	R_rxn08845_c0	optimal	0.0694900000000011
./model.xml	obj	R_rxn08846_c0	optimal	0.06948999999999994
./model.xml	obj	R_rxn08847_c0	optimal	0.06948999999999227
./model.xml	obj	R_rxn08848_c0	optimal	0.06948999999999995
./model.xml	obj	R_rxn08849_c0	optimal	0.06948999999999993
./model.xml	obj	R_rxn08850_c0	optimal	0.06948999999771087
./model.xml	obj	R_rxn08851_c0	optimal	0.06948999999999994
./model.xml	obj	R_rxn08869_c0	optimal	0.06948999999999379
./model.xml	obj	R_rxn08890_c0	optimal	0.06948999999999976
./model.xml	obj	R_rxn08893_c0	optimal	0.06949000000000027
./model.xml	obj	R_rxn08895_c0	optimal	0.06948999999999982
./model.xml	obj	R_rxn08898_c0	optimal	0.06949000000000001
./model.xml	obj	R_rxn08924_c0	optimal	0.06948999999999332
./model.xml	obj	R_rxn08941_c0	optimal	0.06948999999999993
./model.xml	obj	R_rxn08942_c0	optimal	0.0694900000000011
./model.xml	obj	R_rxn08954_c0	optimal	0.0
./model.xml	obj	R_rxn08971_c0	optimal	0.06948999999999994
./model.xml	obj	R_rxn08975_c0	optimal	0.06949000000000113
./model.xml	obj	R_rxn08976_c0	optimal	0.06949000000000019
./model.xml	obj	R_rxn08977_c0	optimal	0.06949000000000008
./model.xml	obj	R_rxn08978_c0	optimal	0.06949000003797207
./model.xml	obj	R_rxn08979_c0	optimal	0.0694899999999997
./model.xml	obj	R_rxn08981_c0	optimal	0.06949
./model.xml	obj	R_rxn09001_c0	optimal	2.787175667253577e-16
./model.xml	obj	R_rxn09003_c0	optimal	5.6601994698077505e-18
./model.xml	obj	R_rxn09014_c0	optimal	0.06948999999999718
./model.xml	obj	R_rxn09106_c0	optimal	3.010350502990845e-16
./model.xml	obj	R_rxn09113_c0	optimal	0.0
./model.xml	obj	R_rxn09176_c0	optimal	0.06949000000000158
./model.xml	obj	R_rxn09177_c0	optimal	0.06948999999999995
./model.xml	obj	R_rxn09188_c0	optimal	3.989738265395094e-05
./model.xml	obj	R_rxn09202_c0	optimal	2.6542193078526797e-17
./model.xml	obj	R_rxn09210_c0	optimal	-7.668335038270457e-17
./model.xml	obj	R_rxn09225_c0	optimal	0.0
./model.xml	obj	R_rxn09272_c0	optimal	0.06948999999999995
./model.xml	obj	R_rxn09295_c0	optimal	0.06948999999999994
./model.xml	obj	R_rxn09296_c0	optimal	-5.216264873999116e-15
./model.xml	obj	R_rxn09310_c0	optimal	-8.490299204711626e-18
./model.xml	obj	R_rxn09359_c0	optimal	0.06948999999999295
./model.xml	obj	R_rxn09399_c0	optimal	0.0
./model.xml	obj	R_rxn09448_c0	optimal	0.06948999999999823
./model.xml	obj	R_rxn09449_c0	optimal	0.06949000000000008
./model.xml	obj	R_rxn09450_c0	optimal	0.06948999999999994
./model.xml	obj	R_rxn09562_c0	optimal	0.06948999999999989
./model.xml	obj	R_rxn09657_c0	optimal	0.06948999999999948
./model.xml	obj	R_rxn09672_c0	optimal	0.06948999999999438
./model.xml	obj	R_rxn09678_c0	optimal	0.06948999999999936
./model.xml	obj	R_rxn09690_c0	optimal	0.06949000000000367
./model.xml	obj	R_rxn09693_c0	optimal	0.06948999999999998
./model.xml	obj	R_rxn09696_c0	optimal	0.06949000000000355
./model.xml	obj	R_rxn09996_c0	optimal	0.06948999999999947
./model.xml	obj	R_rxn10030_c0	optimal	1.2043330692298654e-16
./model.xml	obj	R_rxn10043_c0	optimal	0.06948999999999449
./model.xml	obj	R_rxn10052_c0	optimal	0.06948999999999936
./model.xml	obj	R_rxn10060_c0	optimal	0.06948999999999962
./model.xml	obj	R_rxn10122_c0	optimal	0.06949000000000004
./model.xml	obj	R_rxn10123_c0	optimal	0.06949000000000027
./model.xml	obj	R_rxn10124_c0	optimal	1.3772449075191127e-15
./model.xml	obj	R_rxn10194_c0	optimal	0.06948999999999989
./model.xml	obj	R_rxn10195_c0	optimal	0.06948999999999823
./model.xml	obj	R_rxn10196_c0	optimal	0.06948999999999995
./model.xml	obj	R_rxn10199_c0	optimal	5.048262543548061e-17
./model.xml	obj	R_rxn10220_c0	optimal	0.06948999999999991
./model.xml	obj	R_rxn10221_c0	optimal	0.06948999999999977
./model.xml	obj	R_rxn10222_c0	optimal	0.06948999999999995
./model.xml	obj	R_rxn10223_c0	optimal	0.06948999999999927
./model.xml	obj	R_rxn10224_c0	optimal	0.06949000000000241
./model.xml	obj	R_rxn10225_c0	optimal	0.0694900000000001
./model.xml	obj	R_rxn10253_c0	optimal	0.06948999999999976
./model.xml	obj	R_rxn10254_c0	optimal	0.06948999999999993
./model.xml	obj	R_rxn10255_c0	optimal	0.06948999999999994
./model.xml	obj	R_rxn10256_c0	optimal	0.06948999999999823
./model.xml	obj	R_rxn10257_c0	optimal	0.06948999999999303
./model.xml	obj	R_rxn10258_c0	optimal	0.06948999999999994
./model.xml	obj	R_rxn10307_c0	optimal	0.06948999999999995
./model.xml	obj	R_rxn10308_c0	optimal	0.06949000000000001
./model.xml	obj	R_rxn10309_c0	optimal	0.06948999999999737
./model.xml	obj	R_rxn10312_c0	optimal	0.06949000000000008
./model.xml	obj	R_rxn10313_c0	optimal	0.0694899999999966
./model.xml	obj	R_rxn10314_c0	optimal	0.06948999999999973
./model.xml	obj	R_rxn10315_c0	optimal	0.06949000000000716
./model.xml	obj	R_rxn10336_c0	optimal	-1.6448551051247915e-17
./model.xml	obj	R_rxn10344_c0	optimal	0.0694899999999537
./model.xml	obj	R_rxn10348_c0	optimal	2.975971423766945e-18
./model.xml	obj	R_rxn10481_c0	optimal	0.0
./model.xml	obj	R_rxn10484_c0	optimal	2.0100067337174863e-14
./model.xml	obj	R_rxn10504_c0	optimal	0.06948999999999957
./model.xml	obj	R_rxn10506_c0	optimal	0.06948999999999993
./model.xml	obj	R_rxn10570_c0	optimal	2.2344709239040612e-15
./model.xml	obj	R_rxn10770_c0	optimal	0.06949000000000002
./model.xml	obj	R_rxn10954_c0	optimal	6.678956304736385e-18
./model.xml	obj	R_rxn11040_c0	optimal	0.06948999999999991
./model.xml	obj	R_rxn11268_c0	optimal	0.06948999999999927
./model.xml	obj	R_rxn11279_c0	optimal	1.4871647428436247e-17
./model.xml	obj	R_rxn11573_c0	optimal	1.4584254309326477e-16
./model.xml	obj	R_rxn11663_c0	optimal	0.06948999999999994
./model.xml	obj	R_rxn11676_c0	optimal	-9.007595784959242e-16
./model.xml	obj	R_rxn11702_c0	optimal	1.335791260947277e-17
./model.xml	obj	R_rxn11703_c0	optimal	-2.291763553511311e-18
./model.xml	obj	R_rxn11946_c0	optimal	0.0
./model.xml	obj	R_rxn12008_c0	optimal	4.1366354867694764e-18
./model.xml	obj	R_rxn12225_c0	optimal	-6.244904348082021e-17
./model.xml	obj	R_rxn12239_c0	optimal	-5.3084386157053595e-17
./model.xml	obj	R_rxn12510_c0	optimal	0.0
./model.xml	obj	R_rxn12512_c0	optimal	0.06949000000000026
./model.xml	obj	R_rxn12633_c0	optimal	0.06948999999999983
./model.xml	obj	R_rxn12634_c0	optimal	0.06948999999999993
./model.xml	obj	R_rxn12635_c0	optimal	0.0694899999999933
./model.xml	obj	R_rxn12636_c0	optimal	0.06948999999999994
./model.xml	obj	R_rxn12637_c0	optimal	0.06948999999999979
./model.xml	obj	R_rxn12638_c0	optimal	0.0694899999999966
./model.xml	obj	R_rxn12639_c0	optimal	0.06949000000000022
./model.xml	obj	R_rxn12640_c0	optimal	0.0694900000000001
./model.xml	obj	R_rxn12641_c0	optimal	0.0694900000000046
./model.xml	obj	R_rxn12642_c0	optimal	0.06948999999999993
./model.xml	obj	R_rxn12643_c0	optimal	0.06949000000000026
./model.xml	obj	R_rxn12644_c0	optimal	0.06948999999999995
./model.xml	obj	R_rxn12645_c0	optimal	0.06948999999999993
./model.xml	obj	R_rxn12646_c0	optimal	0.06948999999999994
./model.xml	obj	R_rxn12666_c0	optimal	0.0694899999999537
./model.xml	obj	R_rxn12822_c0	optimal	0.06949000000000367
./model.xml	obj	R_rxn12844_c0	optimal	0.06948999999999994
./model.xml	obj	R_rxn12845_c0	optimal	0.06948999999999998
./model.xml	obj	R_rxn12846_c0	optimal	0.06948999999999973
./model.xml	obj	R_rxn12847_c0	optimal	0.06949000000000002
./model.xml	obj	R_rxn12848_c0	optimal	0.0694899999999933
./model.xml	obj	R_rxn12849_c0	optimal	0.06948999999999979
./model.xml	obj	R_rxn12850_c0	optimal	0.06949000000000002
./model.xml	obj	R_rxn12851_c0	optimal	0.06948999999999375
./model.xml	obj	R_rxn12868_c0	optimal	-4.387362238086222e-15
./model.xml	obj	R_rxn13741_c0	optimal	0.06948999999999994
./model.xml	obj	R_rxn13782_c0	optimal	1.0428659283987309e-17
./model.xml	obj	R_rxn13783_c0	optimal	-1.7396964210819795e-17
./model.xml	obj	R_rxn13784_c0	optimal	4.138634834231872e-17
./model.xml	obj	R_rxn13892_c0	optimal	0.06948999999999994
./model.xml	obj	R_rxn14070_c0	optimal	2.627215437279779e-16
./model.xml	obj	R_rxn14270_c0	optimal	0.06949000000000327
./model.xml	obj	R_rxn15167_c0	optimal	0.06948999999999993
./model.xml	obj	R_rxn15699_c0	optimal	0.06948999999999983
./model.xml	obj	R_rxn15947_c0	optimal	3.7790278642132e-17
./model.xml	obj	R_rxn15949_c0	optimal	0.0
./model.xml	obj	R_rxn16108_c0	optimal	1.6337116018934006e-17
./model.xml	obj	R_rxn16503_c0	optimal	0.06948999999999983
./model.xml	obj	R_rxn16565_c0	optimal	0.06948999999999997
./model.xml	obj	R_rxn16573_c0	optimal	4.755896073407015e-16
./model.xml	obj	R_rxn16583_c0	optimal	0.06948999999999993
./model.xml	obj	R_rxn16592_c0	optimal	0.06948999999999982
./model.xml	obj	R_rxn16593_c0	optimal	0.06949000000000008
./model.xml	obj	R_rxn16594_c0	optimal	0.06948999999999962
./model.xml	obj	R_rxn16839_c0	optimal	0.06948999999999332
./model.xml	obj	R_rxn17731_c0	optimal	0.06948999999999993
./model.xml	obj	R_rxn19006_c0	optimal	0.0694899999999999
./model.xml	obj	R_rxn20643_c0	optimal	0.0694900000000046
./model.xml	obj	R_rxn21729_c0	optimal	0.0694899999999999
./model.xml	obj	R_rxn21857_c0	optimal	-5.041856416406933e-17
./model.xml	obj	R_rxn21858_c0	optimal	7.663021927553375e-17
./model.xml	obj	R_rxn21859_c0	optimal	0.0
./model.xml	obj	R_rxn21860_c0	optimal	9.417651120752205e-18
./model.xml	obj	R_rxn21861_c0	optimal	0.0
./model.xml	obj	R_rxn21862_c0	optimal	-9.811878778445264e-17
./model.xml	obj	R_rxn21863_c0	optimal	1.211722754874021e-13
./model.xml	obj	R_rxn21864_c0	optimal	-7.999009024070409e-18
./model.xml	obj	R_rxn23042_c0	optimal	0.06948999999999449
./model.xml	obj	R_rxn23043_c0	optimal	0.06948999999999994
./model.xml	obj	R_rxn23045_c0	optimal	0.06949000000000008
./model.xml	obj	R_rxn23336_c0	optimal	0.06948999999999927
./model.xml	obj	R_rxn23589_c0	optimal	0.06949000000000716
./model.xml	obj	R_rxn24134_c0	optimal	0.06948999999999982
./model.xml	obj	R_rxn24718_c0	optimal	0.06948999999999994
./model.xml	obj	R_rxn24830_c0	optimal	0.0694900000000001
./model.xml	obj	R_rxn26021_c0	optimal	0.06949000000000004
./model.xml	obj	R_rxn26127_c0	optimal	0.06948999999999823
./model.xml	obj	R_rxn27289_c0	optimal	0.0694899999999999
./model.xml	obj	R_rxn37060_c0	optimal	0.06948999999999994
./model.xml	obj	R_rxn39434__DASH__c0_c0	optimal	0.06948999999999995
./model.xml	obj	R_rxn39451__DASH__c0_c0	optimal	0.06949000000000001
./model.xml	obj	R_rxn39452__DASH__c0_c0	optimal	0.06948999999999995
./model.xml	obj	R_rxn39860__DASH__c0_c0	optimal	0.06949000000000002
./model.xml	obj	R_rxn40037__DASH__c0_c0	optimal	0.06948999999999449
./model.xml	obj	R_rxn40439__DASH__c0_c0	optimal	0.06948999999771087
./model.xml	obj	R_rxn41452__DASH__c0_c0	optimal	-6.451780287914407e-16
./model.xml	obj	R_rxn41683__DASH__c0_c0	optimal	0.06948999999999995
./model.xml	obj	R_rxn41896__DASH__c0_c0	optimal	0.06948999999999379
./model.xml	obj	R_rxn42177__DASH__c0_c0	optimal	0.06948999999999535
./model.xml	obj	R_rxn42230__DASH__c0_c0	optimal	0.06948999999999994
./model.xml	obj	R_rxn43470__DASH__c0_c0	optimal	0.06949000000000004
./model.xml	obj	R_rxn44539__DASH__c0_c0	optimal	0.06948999999999995
./model.xml	obj	R_rxn45223__DASH__c0_c0	optimal	0.0694900000000001
./model.xml	obj	R_rxn45425__DASH__c0_c0	optimal	0.06949000000000186
./model.xml	obj	R_rxn45996__DASH__c0_c0	optimal	0.06949000000000115
./model.xml	obj	R_rxn46344__DASH__c0_c0	optimal	0.06949000000013963
./model.xml	obj	R_rxn46365__DASH__c0_c0	optimal	0.06948999999999993
./model.xml	obj	R_rxn46549__DASH__c0_c0	optimal	0.0694900000000021
./model.xml	obj	R_rxn46694__DASH__c0_c0	optimal	0.06948999999999823
./model.xml	obj	R_rxn47768__DASH__c0_c0	optimal	0.0
