model	objective	reaction	flux	status	minimum	maximum	fraction_optimum
./model.xml	obj	R_DM_cpd02701_c0	0.0002	optimal	0.00019999999999999998	0.14474670692171016	1.0
./model.xml	obj	R_DM_cpd11416_c0	0.06948999999999994	optimal	0.06948999999999994	0.06948999999999995	1.0
./model.xml	obj	R_DM_cpd15302_c0	0.0	optimal	0.0	0.28623259173230053	1.0
./model.xml	obj	R_EX_cpd00001_e0	-21.078744818648968	optimal	-100.0	-15.997878822378397	1.0
./model.xml	obj	R_EX_cpd00007_e0	0.0	optimal	-10.0	0.0	1.0
./model.xml	obj	R_EX_cpd00009_e0	-0.04910733798154617	optimal	-0.2	-0.04910733797330702	1.0
./model.xml	obj	R_EX_cpd00011_e0	-3.1304177984172554	optimal	-10.0	-3.1304177984041175	1.0
./model.xml	obj	R_EX_cpd00012_e0	0.0	optimal	0.0	0.07544633101334737	1.0
./model.xml	obj	R_EX_cpd00013_e0	-0.3	optimal	-0.3	12.426141024824796	1.0
./model.xml	obj	R_EX_cpd00017_e0	0.0	optimal	0.0	0.28909341384338993	1.0
./model.xml	obj	R_EX_cpd00023_e0	0.0	optimal	0.0	1.3739164403194764	1.0
./model.xml	obj	R_EX_cpd00027_e0	0.0	optimal	0.0	0.0	1.0
./model.xml	obj	R_EX_cpd00028_e0	0.0	optimal	0.0	0.23705830004657893	1.0
./model.xml	obj	R_EX_cpd00030_e0	-0.0002	optimal	-0.000199999999999978	-0.00019999999999997797	1.0
./model.xml	obj	R_EX_cpd00033_e0	0.0	optimal	0.0	3.4347911008005148	1.0
./model.xml	obj	R_EX_cpd00034_e0	-0.0002	optimal	-0.0002	-0.00019999999999999998	1.0
./model.xml	obj	R_EX_cpd00035_e0	0.0	optimal	0.0	2.2898607338629473	1.0
./model.xml	obj	R_EX_cpd00039_e0	0.0	optimal	0.0	1.1449303669313622	1.0
./model.xml	obj	R_EX_cpd00041_e0	0.0	optimal	0.0	1.7173955503962484	1.0
./model.xml	obj	R_EX_cpd00048_e0	-0.010906586156579683	optimal	-0.3	-0.010906586156579301	1.0
./model.xml	obj	R_EX_cpd00051_e0	0.0	optimal	0.0	1.1449303669329411	1.0
./model.xml	obj	R_EX_cpd00053_e0	0.0	optimal	0.0	1.3739164403184667	1.0
./model.xml	obj	R_EX_cpd00054_e0	0.0	optimal	0.0	2.289860733864123	1.0
./model.xml	obj	R_EX_cpd00058_e0	-0.0002	optimal	-0.0002	-0.0002	1.0
./model.xml	obj	R_EX_cpd00060_e0	0.0	optimal	0.0	0.28909341384341447	1.0
./model.xml	obj	R_EX_cpd00063_e0	-0.0002	optimal	-0.0002	-0.00019999999999999998	1.0
./model.xml	obj	R_EX_cpd00065_e0	0.0	optimal	0.0	0.6245074728722096	1.0
./model.xml	obj	R_EX_cpd00066_e0	0.0	optimal	0.0	0.7632869112872204	1.0
./model.xml	obj	R_EX_cpd00067_e0	-0.0001	optimal	-0.0001	63.028478997875055	1.0
./model.xml	obj	R_EX_cpd00069_e0	0.0	optimal	0.0	0.7632869112880354	1.0
./model.xml	obj	R_EX_cpd00073_e0	0.0	optimal	0.0	0.0	1.0
./model.xml	obj	R_EX_cpd00076_e0	0.0	optimal	0.0	0.5724651834656819	1.0
./model.xml	obj	R_EX_cpd00084_e0	0.0	optimal	0.0	0.28909341384341447	1.0
./model.xml	obj	R_EX_cpd00099_e0	-0.00019999999999999998	optimal	-0.00020000000000000004	-0.00019999999999999998	1.0
./model.xml	obj	R_EX_cpd00104_e0	0.0	optimal	0.0	0.1445467069217077	1.0
./model.xml	obj	R_EX_cpd00107_e0	0.0	optimal	0.0	1.14493036693205	1.0
./model.xml	obj	R_EX_cpd00116_e0	0.0002	optimal	0.00019999999999999998	0.14474670692172864	1.0
./model.xml	obj	R_EX_cpd00118_e0	0.0	optimal	0.0	1.717395550397048	1.0
./model.xml	obj	R_EX_cpd00119_e0	0.0	optimal	0.0	1.1449303669314757	1.0
./model.xml	obj	R_EX_cpd00129_e0	0.0	optimal	0.0	1.3739164403177715	1.0
./model.xml	obj	R_EX_cpd00132_e0	0.0	optimal	0.0	1.717395550398085	1.0
./model.xml	obj	R_EX_cpd00137_e0	-0.0016	optimal	-0.2	0.0	1.0
./model.xml	obj	R_EX_cpd00149_e0	-0.0002	optimal	-0.0002	-0.00019999999999999998	1.0
./model.xml	obj	R_EX_cpd00155_e0	0.0	optimal	0.0	0.0	1.0
./model.xml	obj	R_EX_cpd00156_e0	0.0	optimal	0.0	1.3739164403176358	1.0
./model.xml	obj	R_EX_cpd00159_e0	0.0	optimal	0.0	2.2898607338653334	1.0
./model.xml	obj	R_EX_cpd00161_e0	0.0	optimal	0.0	1.7173955503980765	1.0
./model.xml	obj	R_EX_cpd00179_e0	0.0	optimal	0.0	0.0	1.0
./model.xml	obj	R_EX_cpd00205_e0	-0.00019999999999999996	optimal	-0.00020000000000000006	-0.00019999999999999996	1.0
./model.xml	obj	R_EX_cpd00209_e0	-0.3054402080140527	optimal	-13.816676341594714	-0.3054402080076035	1.0
./model.xml	obj	R_EX_cpd00215_e0	0.0	optimal	0.0	0.0	1.0
./model.xml	obj	R_EX_cpd00218_e0	0.0	optimal	0.0	1.144930366932057	1.0
./model.xml	obj	R_EX_cpd00220_e0	0.0	optimal	0.0	0.763286911287077	1.0
./model.xml	obj	R_EX_cpd00244_e0	0.0	optimal	0.0	0.0	1.0
./model.xml	obj	R_EX_cpd00254_e0	-0.00019999999999999998	optimal	-0.00020000000000000004	-0.00019999999999953388	1.0
./model.xml	obj	R_EX_cpd00264_e0	0.0	optimal	0.0	0.981368885942303	1.0
./model.xml	obj	R_EX_cpd00268_e0	0.0	optimal	0.0	0.0	1.0
./model.xml	obj	R_EX_cpd00305_e0	0.0	optimal	0.0	0.0	1.0
./model.xml	obj	R_EX_cpd00307_e0	0.0	optimal	0.0	0.0	1.0
./model.xml	obj	R_EX_cpd00309_e0	0.0	optimal	0.0	1.3739164403210442	1.0
./model.xml	obj	R_EX_cpd00322_e0	0.0	optimal	0.0	1.1449303669314757	1.0
./model.xml	obj	R_EX_cpd00393_e0	0.0	optimal	0.0	0.36155695797864806	1.0
./model.xml	obj	R_EX_cpd00531_e0	0.0	optimal	0.0	0.0	1.0
./model.xml	obj	R_EX_cpd00635_e0	0.0	optimal	0.0	0.0	1.0
./model.xml	obj	R_EX_cpd00644_e0	0.0	optimal	0.0	0.7632869112870752	1.0
./model.xml	obj	R_EX_cpd00731_e0	0.0	optimal	0.0	0.0	1.0
./model.xml	obj	R_EX_cpd00971_e0	0.0	optimal	0.0	0.0	1.0
./model.xml	obj	R_EX_cpd01012_e0	0.0	optimal	0.0	0.0	1.0
./model.xml	obj	R_EX_cpd01017_e0	0.0	optimal	0.0	0.0	1.0
./model.xml	obj	R_EX_cpd01262_e0	0.0	optimal	0.0	0.0	1.0
./model.xml	obj	R_EX_cpd01329_e0	0.0	optimal	0.0	0.0	1.0
./model.xml	obj	R_EX_cpd03453_e0	0.0	optimal	0.0	0.0	1.0
./model.xml	obj	R_EX_cpd03724_e0	0.0	optimal	0.0	0.0	1.0
./model.xml	obj	R_EX_cpd03725_e0	0.0	optimal	0.0	0.0	1.0
./model.xml	obj	R_EX_cpd03726_e0	0.0	optimal	0.0	0.0	1.0
./model.xml	obj	R_EX_cpd04097_e0	0.0	optimal	0.0	0.0	1.0
./model.xml	obj	R_EX_cpd04099_e0	0.0	optimal	0.0	0.0	1.0
./model.xml	obj	R_EX_cpd10516_e0	-0.0008	optimal	-0.23785830004728883	-0.0008000000000000145	1.0
./model.xml	obj	R_EX_cpd11580_e0	0.0	optimal	0.0	0.0	1.0
./model.xml	obj	R_EX_cpd11581_e0	0.0	optimal	0.0	0.0	1.0
./model.xml	obj	R_EX_cpd11582_e0	0.0	optimal	0.0	0.0	1.0
./model.xml	obj	R_EX_cpd11583_e0	0.0	optimal	0.0	0.0	1.0
./model.xml	obj	R_EX_cpd11584_e0	0.0	optimal	0.0	0.0	1.0
./model.xml	obj	R_EX_cpd11585_e0	0.0	optimal	0.0	0.0	1.0
./model.xml	obj	R_EX_cpd11586_e0	0.0	optimal	0.0	0.0	1.0
./model.xml	obj	R_EX_cpd11587_e0	0.0	optimal	0.0	0.0	1.0
./model.xml	obj	R_EX_cpd11588_e0	0.0	optimal	0.0	0.0	1.0
./model.xml	obj	R_EX_cpd11589_e0	0.0	optimal	0.0	0.0	1.0
./model.xml	obj	R_EX_cpd11590_e0	0.0	optimal	0.0	0.0	1.0
./model.xml	obj	R_EX_cpd11591_e0	0.0	optimal	0.0	0.0	1.0
./model.xml	obj	R_EX_cpd11592_e0	0.0	optimal	0.0	0.0	1.0
./model.xml	obj	R_EX_cpd11593_e0	0.0	optimal	0.0	0.0	1.0
./model.xml	obj	R_EX_cpd15603_e0	0.0	optimal	0.0	0.0	1.0
./model.xml	obj	R_EX_cpd15604_e0	0.0	optimal	0.0	0.0	1.0
./model.xml	obj	R_EX_cpd15605_e0	0.0	optimal	0.0	0.0	1.0
./model.xml	obj	R_EX_cpd15606_e0	0.0	optimal	0.0	0.0	1.0
./model.xml	obj	R_R0001	4.51	optimal	4.51	4.51	1.0
./model.xml	obj	R_R0002	4.51	optimal	4.51	4.51	1.0
./model.xml	obj	R_R0003	4.51	optimal	4.51	4.51	1.0
./model.xml	obj	R_R0004	4.51	optimal	4.51	4.51	1.0
./model.xml	obj	R_R0005	4.51	optimal	4.51	4.51	1.0
./model.xml	obj	R_R0006	4.51	optimal	0.0	4.51	1.0
./model.xml	obj	R_R0007	0.0	optimal	0.0	4.51	1.0
./model.xml	obj	R_R0008	1.5074999999999998	optimal	0.3799999999999999	1.5074999999999998	1.0
./model.xml	obj	R_R0009	1.5074999999999998	optimal	0.3799999999999999	1.5074999999999998	1.0
./model.xml	obj	R_R0010	6.029999999999999	optimal	1.5199999999999996	6.029999999999999	1.0
./model.xml	obj	R_R0011	6.029999999999999	optimal	1.5199999999999996	6.029999999999999	1.0
./model.xml	obj	R_R0012	6.029999999999999	optimal	1.5199999999999996	6.029999999999999	1.0
./model.xml	obj	R_R0013	6.029999999999999	optimal	1.5199999999999996	6.029999999999999	1.0
./model.xml	obj	R_R0014	3.0149999999999997	optimal	0.7599999999999998	3.0149999999999997	1.0
./model.xml	obj	R_R0015	3.0149999999999997	optimal	0.7599999999999998	3.0149999999999997	1.0
./model.xml	obj	R_R0016	4.178103107735783	optimal	1.0	29.33698066884181	1.0
./model.xml	obj	R_R0017	4.178103107735783	optimal	1.0	29.33698066884181	1.0
./model.xml	obj	R_R0018	2.0890515538678915	optimal	0.5	14.668490334420905	1.0
./model.xml	obj	R_R0019	2.0890515538678915	optimal	0.5	14.668490334420905	1.0
./model.xml	obj	R_R0020	4.178103107735783	optimal	1.0	29.33698066884181	1.0
./model.xml	obj	R_R0021	4.178103107735783	optimal	1.0	29.33698066884181	1.0
./model.xml	obj	R_R0022	1.0	optimal	1.0	5.51	1.0
./model.xml	obj	R_R0023	1.0	optimal	1.0	5.51	1.0
./model.xml	obj	R_R0024	1.0	optimal	1.0	5.51	1.0
./model.xml	obj	R_R0025	1.0	optimal	1.0	5.51	1.0
./model.xml	obj	R_R0026	1.0	optimal	1.0	5.51	1.0
./model.xml	obj	R_R0027	1.0	optimal	1.0	5.51	1.0
./model.xml	obj	R_R0028	1.0	optimal	1.0	5.51	1.0
./model.xml	obj	R_R0029	1.0	optimal	1.0	5.51	1.0
./model.xml	obj	R_R0030	0.0	optimal	0.0	11.506100000000338	1.0
./model.xml	obj	R_R0031	0.7945257769339457	optimal	0.0	7.084245167210422	1.0
./model.xml	obj	R_R0032	-10.806013558274508	optimal	-85.58669576730027	-9.216162004436859	1.0
./model.xml	obj	R_R0033	11.041724298768242	optimal	0.0	83.0716957673052	1.0
./model.xml	obj	R_R0034	0.2602892595062666	optimal	0.0	83.07169576730519	1.0
./model.xml	obj	R_R0035	0.0	optimal	0.0	0.0	1.0
./model.xml	obj	R_R0036	0.0	optimal	0.0	1000.0	1.0
./model.xml	obj	R_R0037	0.7109742230660544	optimal	0.0	11.506099999999378	1.0
./model.xml	obj	R_R0038	-4.51	optimal	-4.51	-4.51	1.0
./model.xml	obj	R_R0039	-4.51	optimal	-4.51	-4.51	1.0
./model.xml	obj	R_R0040	-1.52	optimal	-1.52	-1.52	1.0
./model.xml	obj	R_R0041	-1.52	optimal	-1.52	-1.52	1.0
./model.xml	obj	R_R0042	-1.0	optimal	-1.0	-1.0	1.0
./model.xml	obj	R_R0043	-1.0	optimal	-1.0	-1.0	1.0
./model.xml	obj	R_R0044	0.0	optimal	-1000.0	0.0	1.0
./model.xml	obj	R_R0045	0.0	optimal	0.0	1000.0	1.0
./model.xml	obj	R_R0046	0.0	optimal	0.0	1000.0	1.0
./model.xml	obj	R_R0047	0.0	optimal	0.0	1000.0	1.0
./model.xml	obj	R_R0048	0.0	optimal	0.0	1000.0	1.0
./model.xml	obj	R_R048	13.604039335208455	optimal	13.604039335187927	84.57919576729209	1.0
./model.xml	obj	R_R543	-9.048136042155061	optimal	-1000.0	1000.0	1.0
./model.xml	obj	R_bio1_biomass	0.06948999999999994	optimal	0.06948999999999994	0.06948999999999995	1.0
./model.xml	obj	R_rxn00001_c0	0.0	optimal	0.0	64.26412484221153	1.0
./model.xml	obj	R_rxn00006_c0	0.0	optimal	-11.50609999999945	0.0	1.0
./model.xml	obj	R_rxn00007_c0	0.0	optimal	0.0	64.29335383427824	1.0
./model.xml	obj	R_rxn00011_c0	-0.07821480590008541	optimal	-2.7040793763686928	0.0	1.0
./model.xml	obj	R_rxn00016_c0	0.0	optimal	0.0	0.0	1.0
./model.xml	obj	R_rxn00018_c0	3.2471634341444053	optimal	3.2471634341512456	27.5367848819503	1.0
./model.xml	obj	R_rxn00022_c0	0.02922899205012912	optimal	0.0	64.29335383430117	1.0
./model.xml	obj	R_rxn00029_c0	0.0016	optimal	0.0016	0.9498332001868708	1.0
./model.xml	obj	R_rxn00048_c0	0.0006000000000000001	optimal	0.0005999999999999779	0.763886911287484	1.0
./model.xml	obj	R_rxn00060_c0	0.0004	optimal	0.00039999999999999996	0.2374583000471105	1.0
./model.xml	obj	R_rxn00063_c0	0.0	optimal	0.0	64.26412484220876	1.0
./model.xml	obj	R_rxn00065_c0	0.0	optimal	0.0	64.26412484220965	1.0
./model.xml	obj	R_rxn00068_c0	-0.00030000000000000003	optimal	-0.11882915002326344	-0.0003	1.0
./model.xml	obj	R_rxn00076_c0	0.0	optimal	0.0	64.26412484226331	1.0
./model.xml	obj	R_rxn00077_c0	0.0	optimal	-999.997199701321	0.0001999999999497959	1.0
./model.xml	obj	R_rxn00083_c0	0.0	optimal	0.0	1000.0	1.0
./model.xml	obj	R_rxn00085_c0	0.0	optimal	-1000.0	1000.0	1.0
./model.xml	obj	R_rxn00086_c0	0.0	optimal	0.0	0.0	1.0
./model.xml	obj	R_rxn00097_c0	0.472504842073405	optimal	-999.8638989945349	1000.0	1.0
./model.xml	obj	R_rxn00100_c0	0.0004000000000000006	optimal	0.000399999999999956	0.000399999999999956	1.0
./model.xml	obj	R_rxn00101_c0	0.0004	optimal	0.00039999999999999996	1.717795550397792	1.0
./model.xml	obj	R_rxn00102_c0	0.0	optimal	-1.9776848098994104	81.47718054241442	1.0
./model.xml	obj	R_rxn00104_c0	0.0012879479054783683	optimal	-999.8640989945332	1000.0	1.0
./model.xml	obj	R_rxn00105_c0	0.0003999999999995525	optimal	0.0	64.26452484225524	1.0
./model.xml	obj	R_rxn00107_c0	0.0	optimal	0.0	0.0	1.0
./model.xml	obj	R_rxn00113_c0	0.0	optimal	0.0	1.7570860253280447	1.0
./model.xml	obj	R_rxn00117_c0	0.02395576184937579	optimal	0.0239557618492654	1000.0	1.0
./model.xml	obj	R_rxn00119_c0	0.02277746596128762	optimal	0.022777465961389513	64.28690230808671	1.0
./model.xml	obj	R_rxn00122_c0	0.0002	optimal	0.0001999999999999993	0.0001999999999999993	1.0
./model.xml	obj	R_rxn00126_c0	0.0018000000000000069	optimal	0.0018000000000000004	0.2908934138434203	1.0
./model.xml	obj	R_rxn00132_c0	0.0	optimal	0.0	21.42137494740588	1.0
./model.xml	obj	R_rxn00137_c0	0.0002	optimal	0.00019999999999999998	0.3	1.0
./model.xml	obj	R_rxn00138_c0	0.0	optimal	0.0	32.13226242111086	1.0
./model.xml	obj	R_rxn00139_c0	0.0	optimal	0.0	0.0	1.0
./model.xml	obj	R_rxn00140_c0	0.0	optimal	0.0	64.26412484213809	1.0
./model.xml	obj	R_rxn00141_c0	0.0014000000000000067	optimal	0.0013999999999999963	0.1459467069217102	1.0
./model.xml	obj	R_rxn00147_c0	0.0	optimal	0.0	64.26412484223769	1.0
./model.xml	obj	R_rxn00148_c0	-0.18526725377075484	optimal	-1000.0	0.0	1.0
./model.xml	obj	R_rxn00154_c0	0.0	optimal	0.0	2.1029993870048767	1.0
./model.xml	obj	R_rxn00161_c0	0.0	optimal	0.0	64.26412484217289	1.0
./model.xml	obj	R_rxn00165_c0	0.0	optimal	0.0	12.852824968447878	1.0
./model.xml	obj	R_rxn00171_c0	0.0	optimal	-64.26412484220567	0.0	1.0
./model.xml	obj	R_rxn00175_c0	0.34135388328948113	optimal	0.005350046682696147	64.60547872552056	1.0
./model.xml	obj	R_rxn00179_c0	0.0	optimal	0.0	64.26412484222824	1.0
./model.xml	obj	R_rxn00182_c0	-0.4889894379460171	optimal	-1000.0	1000.0	1.0
./model.xml	obj	R_rxn00183_c0	0.0	optimal	0.0	64.26412484217387	1.0
./model.xml	obj	R_rxn00184_c0	0.0	optimal	0.0	1000.0	1.0
./model.xml	obj	R_rxn00186_c0	0.0	optimal	0.0	0.0	1.0
./model.xml	obj	R_rxn00187_c0	0.0	optimal	0.0	64.26412484223539	1.0
./model.xml	obj	R_rxn00189_c0	0.0	optimal	0.0	1000.0	1.0
./model.xml	obj	R_rxn00192_c0	0.0	optimal	0.0	0.0	1.0
./model.xml	obj	R_rxn00193_c0	0.000589147944044086	optimal	0.0005891479440440859	0.000589147944044086	1.0
./model.xml	obj	R_rxn00194_c0	0.0	optimal	0.0	0.0	1.0
./model.xml	obj	R_rxn00199_c0	0.07539447401393723	optimal	0.07539447401442174	2.0407900243957275	1.0
./model.xml	obj	R_rxn00206_c0	0.0	optimal	0.0	0.0	1.0
./model.xml	obj	R_rxn00208_c0	0.0	optimal	0.0	0.0	1.0
./model.xml	obj	R_rxn00209_c0	0.0	optimal	0.0	0.0	1.0
./model.xml	obj	R_rxn00211_c0	0.0	optimal	0.0	0.0	1.0
./model.xml	obj	R_rxn00213_c0	0.0	optimal	0.0	0.5748217752417277	1.0
./model.xml	obj	R_rxn00214_c0	0.0	optimal	0.0	0.0	1.0
./model.xml	obj	R_rxn00216_c0	0.0	optimal	0.0	64.26412484223769	1.0
./model.xml	obj	R_rxn00222_c0	0.0	optimal	0.0	0.0	1.0
./model.xml	obj	R_rxn00223_c0	0.0	optimal	0.0	64.2641248422193	1.0
./model.xml	obj	R_rxn00224_c0	0.0002	optimal	0.0002	0.23725830004678636	1.0
./model.xml	obj	R_rxn00225_c0	-0.336003836606785	optimal	-2.1029993870037638	0.0	1.0
./model.xml	obj	R_rxn00227_c0	0.0	optimal	0.0	2.1029993870032944	1.0
./model.xml	obj	R_rxn00237_c0	0.027070752440996052	optimal	0.027070752440347134	1000.0	1.0
./model.xml	obj	R_rxn00239_c0	0.011234721663091371	optimal	-999.9887652783364	1000.0	1.0
./model.xml	obj	R_rxn00241_c0	0.0	optimal	0.0	64.2641248422722	1.0
./model.xml	obj	R_rxn00242_c0	0.0	optimal	0.0	0.0	1.0
./model.xml	obj	R_rxn00248_c0	0.05606542389942154	optimal	-64.20805941828185	21.477440371305747	1.0
./model.xml	obj	R_rxn00251_c0	-0.1838263816928582	optimal	-64.44795122396454	-0.18382638169268506	1.0
./model.xml	obj	R_rxn00256_c0	-0.07379447401393723	optimal	-1.8407900244133097	-0.07379447401409794	1.0
./model.xml	obj	R_rxn00260_c0	-0.16609733157834256	optimal	-33.093572278984354	-0.16609733157612144	1.0
./model.xml	obj	R_rxn00262_c0	0.0	optimal	0.0	11.506100000005057	1.0
./model.xml	obj	R_rxn00269_c0	0.0	optimal	0.0	11.506100000000059	1.0
./model.xml	obj	R_rxn00272_c0	0.0006000000000000033	optimal	0.0005999999999120192	11.86825695797793	1.0
./model.xml	obj	R_rxn00274_c0	0.0	optimal	0.0	0.0	1.0
./model.xml	obj	R_rxn00278_c0	-0.05191224987093203	optimal	-1000.0	999.9480877501398	1.0
./model.xml	obj	R_rxn00283_c0	0.001178295888088172	optimal	0.001178295888088172	0.001178295888088172	1.0
./model.xml	obj	R_rxn00285_c0	0.0	optimal	0.0	0.0	1.0
./model.xml	obj	R_rxn00292_c0	0.0	optimal	0.0	0.0	1.0
./model.xml	obj	R_rxn00293_c0	0.002556591776176344	optimal	0.0025565917761763437	0.002556591776176344	1.0
./model.xml	obj	R_rxn00297_c0	0.0	optimal	0.0	0.0	1.0
./model.xml	obj	R_rxn00299_c0	0.0006000000000000033	optimal	0.0	0.36215695797825015	1.0
./model.xml	obj	R_rxn00300_c0	0.0006000000000000001	optimal	0.0006000000000000005	0.7638869112882032	1.0
./model.xml	obj	R_rxn00301_c0	0.0	optimal	0.0	64.26412484211318	1.0
./model.xml	obj	R_rxn00302_c0	0.0	optimal	0.0	0.3621569579785227	1.0
./model.xml	obj	R_rxn00303_c0	0.0	optimal	0.0	0.0	1.0
./model.xml	obj	R_rxn00304_c0	0.0	optimal	0.0	999.9729292475595	1.0
./model.xml	obj	R_rxn00313_c0	0.013369988432717432	optimal	0.01336998843271743	1.158300355358818	1.0
./model.xml	obj	R_rxn00322_c0	0.0	optimal	0.0	0.0	1.0
./model.xml	obj	R_rxn00328_c0	0.0	optimal	0.0	0.0	1.0
./model.xml	obj	R_rxn00333_c0	0.0006000000000000033	optimal	0.0	0.36215695797859165	1.0
./model.xml	obj	R_rxn00337_c0	0.059607204228621785	optimal	0.059607204228273286	1.777002754627606	1.0
./model.xml	obj	R_rxn00338_c0	0.0003999999999995525	optimal	0.00039999999941044996	1.1453303669327726	1.0
./model.xml	obj	R_rxn00346_c0	0.0004000000000000006	optimal	0.0003999999999999837	0.7636869112867086	1.0
./model.xml	obj	R_rxn00350_c0	-0.0002	optimal	-0.0002	-0.00019999999999999998	1.0
./model.xml	obj	R_rxn00351_c0	0.0	optimal	0.0	0.0	1.0
./model.xml	obj	R_rxn00355_c0	0.0	optimal	0.0	0.5748217752413125	1.0
./model.xml	obj	R_rxn00358_c0	0.0	optimal	0.0	0.0	1.0
./model.xml	obj	R_rxn00361_c0	0.0	optimal	0.0	0.2998000000000298	1.0
./model.xml	obj	R_rxn00363_c0	0.0	optimal	0.0	64.26412484222239	1.0
./model.xml	obj	R_rxn00364_c0	0.02756309976400794	optimal	0.02756309976398277	64.29208794196748	1.0
./model.xml	obj	R_rxn00367_c0	0.0	optimal	0.0	64.26412484224704	1.0
./model.xml	obj	R_rxn00377_c0	0.0	optimal	0.0	0.0	1.0
./model.xml	obj	R_rxn00379_c0	0.010706586156579684	optimal	0.01070658615657969	0.2997999999999837	1.0
./model.xml	obj	R_rxn00392_c0	0.0004	optimal	0.00039999999999999996	0.0004	1.0
./model.xml	obj	R_rxn00405_c0	0.0004	optimal	0.00039999999999999996	1.7177955503983082	1.0
./model.xml	obj	R_rxn00407_c0	0.0	optimal	0.0	64.26412484216297	1.0
./model.xml	obj	R_rxn00409_c0	0.02756309976400794	optimal	0.02756309976398277	1000.0	1.0
./model.xml	obj	R_rxn00410_c0	0.0	optimal	0.0	64.27534173211188	1.0
./model.xml	obj	R_rxn00411_c0	0.0	optimal	0.0	999.972436900236	1.0
./model.xml	obj	R_rxn00412_c0	0.011216890268387177	optimal	0.0	64.27534173244433	1.0
./model.xml	obj	R_rxn00414_c0	0.03969047492998437	optimal	0.0	1.7570860253291365	1.0
./model.xml	obj	R_rxn00416_c0	0.012989439619896676	optimal	0.012989439619896674	1.7303849900090509	1.0
./model.xml	obj	R_rxn00422_c0	0.0	optimal	0.0	0.0	1.0
./model.xml	obj	R_rxn00423_c0	0.004171750794607965	optimal	0.0041717507946079455	0.29326516463806196	1.0
./model.xml	obj	R_rxn00433_c0	0.0	optimal	0.0	0.0	1.0
./model.xml	obj	R_rxn00438_c0	0.00019999999999999185	optimal	0.00019999999999997797	0.0002	1.0
./model.xml	obj	R_rxn00459_c0	0.430287798024767	optimal	-12.42253717042195	4.300282735422407	1.0
./model.xml	obj	R_rxn00460_c0	0.0	optimal	0.0	999.9760442381507	1.0
./model.xml	obj	R_rxn00461_c0	0.000589147944044086	optimal	0.000589147944044086	0.000589147944044086	1.0
./model.xml	obj	R_rxn00463_c0	0.0	optimal	0.0	64.26412484221763	1.0
./model.xml	obj	R_rxn00474_c0	0.0	optimal	0.0	0.6291653823068826	1.0
./model.xml	obj	R_rxn00493_c0	-0.012446314573750481	optimal	-0.7757332258617399	-0.01244631457375048	1.0
./model.xml	obj	R_rxn00499_c0	0.0	optimal	-2.289860733866464	0.0	1.0
./model.xml	obj	R_rxn00504_c0	-0.014917071897497391	optimal	-1.388833512216289	64.24920777033185	1.0
./model.xml	obj	R_rxn00506_c0	0.0	optimal	0.0	64.2641248422456	1.0
./model.xml	obj	R_rxn00508_c0	0.0	optimal	0.0	0.0	1.0
./model.xml	obj	R_rxn00514_c0	0.0	optimal	0.0	0.0	1.0
./model.xml	obj	R_rxn00515_c0	0.0	optimal	0.0	0.0	1.0
./model.xml	obj	R_rxn00525_c0	0.0	optimal	0.0	0.0	1.0
./model.xml	obj	R_rxn00526_c0	0.0	optimal	0.0	0.0	1.0
./model.xml	obj	R_rxn00527_c0	-0.009918245236271429	optimal	-0.7732051565227843	-0.009918245236271429	1.0
./model.xml	obj	R_rxn00533_c0	0.19994864421702863	optimal	0.0	0.6335887649821589	1.0
./model.xml	obj	R_rxn00543_c0	0.0	optimal	0.0	0.0	1.0
./model.xml	obj	R_rxn00545_c0	0.0	optimal	0.0	64.26412484221261	1.0
./model.xml	obj	R_rxn00547_c0	0.0	optimal	0.0	64.26412484225075	1.0
./model.xml	obj	R_rxn00548_c0	0.4968899996325174	optimal	-998.7130684068626	26.2025399365139	1.0
./model.xml	obj	R_rxn00549_c0	1.3655064047958985	optimal	0.0	66.88854037087994	1.0
./model.xml	obj	R_rxn00555_c0	0.002556591776176344	optimal	0.0025565917761763437	0.002556591776176344	1.0
./model.xml	obj	R_rxn00558_c0	0.0	optimal	-21.421374947395265	64.26412484222753	1.0
./model.xml	obj	R_rxn00559_c0	0.0	optimal	0.0	0.0	1.0
./model.xml	obj	R_rxn00568_c0	-3.498969131718942	optimal	-1000.0	0.0	1.0
./model.xml	obj	R_rxn00577_c0	-0.002356591776176344	optimal	-0.5748217752428159	0.0	1.0
./model.xml	obj	R_rxn00578	0.0	optimal	-0.572465183467276	7.579083664196565e-14	1.0
./model.xml	obj	R_rxn00579	-0.002356591776176344	optimal	-0.002356591776176344	0.5724651834647643	1.0
./model.xml	obj	R_rxn00604_c0	0.0	optimal	0.0	21.42137494741282	1.0
./model.xml	obj	R_rxn00611_c0	-0.019548425987943735	optimal	-1000.0	999.980451574012	1.0
./model.xml	obj	R_rxn00612_c0	0.0	optimal	-1000.0	999.980451574012	1.0
./model.xml	obj	R_rxn00629_c0	0.0	optimal	0.0	0.0	1.0
./model.xml	obj	R_rxn00634_c0	0.0	optimal	0.0	0.0	1.0
./model.xml	obj	R_rxn00640_c0	0.0	optimal	0.0	0.0	1.0
./model.xml	obj	R_rxn00641_c0	0.0	optimal	0.0	0.0	1.0
./model.xml	obj	R_rxn00642_c0	0.0	optimal	0.0	0.0	1.0
./model.xml	obj	R_rxn00647_c0	0.0	optimal	0.0	0.0	1.0
./model.xml	obj	R_rxn00649_c0	0.004171750794607965	optimal	0.0041717507945575605	0.2932651646380283	1.0
./model.xml	obj	R_rxn00650_c0	-0.0002	optimal	-0.00019999999999999998	-0.00019999999999999998	1.0
./model.xml	obj	R_rxn00653_c0	0.0	optimal	0.0	0.0	1.0
./model.xml	obj	R_rxn00675_c0	0.0	optimal	0.0	0.0	1.0
./model.xml	obj	R_rxn00686_c0	-0.0026111507346367937	optimal	-0.0026111507347326567	-0.0026111507346803413	1.0
./model.xml	obj	R_rxn00689_c0	0.0	optimal	0.0	0.0	1.0
./model.xml	obj	R_rxn00691_c0	0.0	optimal	0.0	64.26412484223768	1.0
./model.xml	obj	R_rxn00692_c0	0.03153266260504688	optimal	0.03153266260504688	12.884357631048779	1.0
./model.xml	obj	R_rxn00693_c0	0.007734835361971726	optimal	0.007734835361971718	0.2968282492053921	1.0
./model.xml	obj	R_rxn00695_c0	0.0	optimal	0.0	1000.0	1.0
./model.xml	obj	R_rxn00701_c0	0.0	optimal	-0.5748217752413417	0.0	1.0
./model.xml	obj	R_rxn00702_c0	0.0	optimal	0.0	0.0	1.0
./model.xml	obj	R_rxn00708_c0	0.0	optimal	0.0	64.26412484221257	1.0
./model.xml	obj	R_rxn00710_c0	0.021599170073199447	optimal	0.02159917007304887	0.02159917007304887	1.0
./model.xml	obj	R_rxn00711_c0	0.0	optimal	0.0	0.0	1.0
./model.xml	obj	R_rxn00712_c0	0.0	optimal	0.0	999.9760442381506	1.0
./model.xml	obj	R_rxn00717_c0	0.0	optimal	0.0	0.0	1.0
./model.xml	obj	R_rxn00726_c0	0.004657909440470688	optimal	0.0	0.6291653823066705	1.0
./model.xml	obj	R_rxn00727_c0	0.0	optimal	0.0	0.6291653823120458	1.0
./model.xml	obj	R_rxn00735_c0	0.0	optimal	0.0	0.0	1.0
./model.xml	obj	R_rxn00737_c0	0.027000883865812106	optimal	0.027000883865812158	1.2201134864402845	1.0
./model.xml	obj	R_rxn00743_c0	0.0	optimal	0.0	64.26412484211312	1.0
./model.xml	obj	R_rxn00745_c0	0.002792632283991962	optimal	0.002792632283991962	64.26691747450839	1.0
./model.xml	obj	R_rxn00747_c0	2.6415713224235358	optimal	2.641571322423744	28.347221259319202	1.0
./model.xml	obj	R_rxn00758_c0	0.0	optimal	0.0	0.0	1.0
./model.xml	obj	R_rxn00762_c0	0.002792632283991962	optimal	0.002792632283991962	0.002792632283991962	1.0
./model.xml	obj	R_rxn00763_c0	0.0	optimal	0.0	0.0	1.0
./model.xml	obj	R_rxn00770_c0	0.05541577986014409	optimal	0.0554157798599854	32.187478200992665	1.0
./model.xml	obj	R_rxn00772_c0	0.0014000000000000067	optimal	0.0013999999999997712	32.133462421120775	1.0
./model.xml	obj	R_rxn00775_c0	0.0	optimal	0.0	0.0	1.0
./model.xml	obj	R_rxn00777_c0	1.202536752287366	optimal	1.2025367522978205	14.055361720742352	1.0
./model.xml	obj	R_rxn00781_c0	0.0	optimal	-50.87248702848365	993.9359609297386	1.0
./model.xml	obj	R_rxn00782_c0	-6.064039070264044	optimal	-1000.0	0.0	1.0
./model.xml	obj	R_rxn00784_c0	0.0	optimal	0.0	0.0	1.0
./model.xml	obj	R_rxn00785_c0	0.7900415935416616	optimal	-12.062783374909138	1000.0	1.0
./model.xml	obj	R_rxn00786_c0	-1.3655064047958985	optimal	-66.88854037091438	64.26412484221261	1.0
./model.xml	obj	R_rxn00789_c0	-0.0063085599872208485	optimal	-1.1512389269177878	-0.006308559987220848	1.0
./model.xml	obj	R_rxn00790_c0	-0.020850140359253557	optimal	-1.394766580676505	-0.020850140358561087	1.0
./model.xml	obj	R_rxn00791_c0	-0.004657909440470688	optimal	-0.6291653823116083	-0.004657909440470688	1.0
./model.xml	obj	R_rxn00792_c0	0.0	optimal	0.0	0.0	1.0
./model.xml	obj	R_rxn00799_c0	-0.05606542389942154	optimal	-21.477440371301487	-0.0560654238992557	1.0
./model.xml	obj	R_rxn00800_c0	0.017323978683383052	optimal	0.01732397868320672	21.43869892608022	1.0
./model.xml	obj	R_rxn00802_c0	0.018091304856784923	optimal	0.018091304856784923	1.7354868552559772	1.0
./model.xml	obj	R_rxn00806_c0	-0.03500647655153071	optimal	-1.179936843484882	-0.03500647655153071	1.0
./model.xml	obj	R_rxn00808_c0	0.0	optimal	0.0	0.0	1.0
./model.xml	obj	R_rxn00816_c0	0.0	optimal	0.0	0.0	1.0
./model.xml	obj	R_rxn00830_c0	-0.012599853999008028	optimal	-0.012599853999008004	0.002025272796899806	1.0
./model.xml	obj	R_rxn00831_c0	0.0	optimal	0.0	32.13206242093745	1.0
./model.xml	obj	R_rxn00832_c0	-0.026958700346474414	optimal	-1.4008751406630187	-0.026958700344161694	1.0
./model.xml	obj	R_rxn00834_c0	0.009634721663091364	optimal	-32.122427699443385	1.3835511619817582	1.0
./model.xml	obj	R_rxn00838_c0	0.017323978683383052	optimal	0.017323978683354092	21.43869892609029	1.0
./model.xml	obj	R_rxn00839_c0	0.0	optimal	-1000.0	1000.0	1.0
./model.xml	obj	R_rxn00840_c0	0.0	optimal	-1000.0	1000.0	1.0
./model.xml	obj	R_rxn00851_c0	0.0	optimal	0.0	64.26412484221983	1.0
./model.xml	obj	R_rxn00858_c0	0.0004	optimal	0.00039999999999999996	1.717795550396736	1.0
./model.xml	obj	R_rxn00863_c0	0.0063085599872208485	optimal	0.006308559987220848	1.1512389269184615	1.0
./model.xml	obj	R_rxn00872_c0	0.0	optimal	0.0	0.0	1.0
./model.xml	obj	R_rxn00881_c0	0.0	optimal	0.0	0.0	1.0
./model.xml	obj	R_rxn00882_c0	0.0	optimal	0.0	0.0	1.0
./model.xml	obj	R_rxn00883_c0	0.0	optimal	0.0	0.0	1.0
./model.xml	obj	R_rxn00898_c0	0.05754875739624503	optimal	0.05754875739624507	1.4314651977129502	1.0
./model.xml	obj	R_rxn00902_c0	-0.03500647655153071	optimal	-1.1799368434820758	-0.03500647655153071	1.0
./model.xml	obj	R_rxn00903_c0	0.0	optimal	-1000.0	999.9480877501289	1.0
./model.xml	obj	R_rxn00904_c0	-0.022142280844714323	optimal	-999.9702300309737	999.9778577191552	1.0
./model.xml	obj	R_rxn00907_c0	0.04640884070572798	optimal	0.04640884070567697	2.794241721339874	1.0
./model.xml	obj	R_rxn00910_c0	-0.007934835361971725	optimal	-0.297028249205392	-0.007934835361971725	1.0
./model.xml	obj	R_rxn00912_c0	0.0003999999999999976	optimal	0.0003999999999999976	0.7636869112894401	1.0
./model.xml	obj	R_rxn00913_c0	0.0	optimal	0.0	32.13206242110774	1.0
./model.xml	obj	R_rxn00915_c0	0.0	optimal	-32.1320624210829	0.0	1.0
./model.xml	obj	R_rxn00917_c0	0.01103472166309137	optimal	0.011034721663065343	21.432409669070406	1.0
./model.xml	obj	R_rxn00929_c0	10.79109648637701	optimal	-991.0807238556237	1000.0	1.0
./model.xml	obj	R_rxn00931_c0	0.0	optimal	-991.0807238557313	1000.0	1.0
./model.xml	obj	R_rxn00938_c0	0.0	optimal	0.0	0.0	1.0
./model.xml	obj	R_rxn00946_c0	0.0	optimal	0.0	0.0	1.0
./model.xml	obj	R_rxn00947_c0	0.0	optimal	0.0	0.0	1.0
./model.xml	obj	R_rxn00949_c0	-0.006334835361971719	optimal	-0.29542824920544225	-0.00633483536197068	1.0
./model.xml	obj	R_rxn00953_c0	0.0	optimal	0.0	0.0	1.0
./model.xml	obj	R_rxn00957_c0	0.00020000000000000226	optimal	0.00019999999999999987	0.0001999999999999999	1.0
./model.xml	obj	R_rxn00974_c0	0.07539447401393723	optimal	0.07539447401377691	2.0407900244127317	1.0
./model.xml	obj	R_rxn00979_c0	0.0006000000000000033	optimal	0.0005999999999120233	0.36215695797803643	1.0
./model.xml	obj	R_rxn00980_c0	0.0	optimal	0.0	0.0	1.0
./model.xml	obj	R_rxn00988_c0	0.0	optimal	0.0	0.0	1.0
./model.xml	obj	R_rxn00999_c0	0.0	optimal	0.0	0.0	1.0
./model.xml	obj	R_rxn01000_c0	0.012446314573750481	optimal	0.012446314573750481	0.775733225863193	1.0
./model.xml	obj	R_rxn01018_c0	0.021599170073199447	optimal	0.021599170073172337	0.021599170073199447	1.0
./model.xml	obj	R_rxn01019_c0	0.018091304856784923	optimal	0.018091304856473162	1.7354868552560223	1.0
./model.xml	obj	R_rxn01022_c0	0.0	optimal	0.0	0.0	1.0
./model.xml	obj	R_rxn01025_c0	0.0	optimal	0.0	0.0	1.0
./model.xml	obj	R_rxn01069_c0	0.045448067851860265	optimal	0.045448067852071894	1.7628436182496863	1.0
./model.xml	obj	R_rxn01073_c0	0.0	optimal	0.0	0.0	1.0
./model.xml	obj	R_rxn01084_c0	0.0	optimal	0.0	0.0	1.0
./model.xml	obj	R_rxn01100_c0	6.064039070264044	optimal	6.0640390702719875	70.32816391245862	1.0
./model.xml	obj	R_rxn01101_c0	0.0	optimal	0.0	0.0	1.0
./model.xml	obj	R_rxn01103_c0	0.0	optimal	0.0	64.2641248418821	1.0
./model.xml	obj	R_rxn01106_c0	-0.430287798024767	optimal	-4.3002827354267765	12.42253717042544	1.0
./model.xml	obj	R_rxn01107_c0	0.0	optimal	0.0	0.0	1.0
./model.xml	obj	R_rxn01108_c0	0.0	optimal	-1000.0000000000001	1000.0	1.0
./model.xml	obj	R_rxn01109_c0	0.0	optimal	-1000.0	999.9999999999999	1.0
./model.xml	obj	R_rxn01111_c0	3.2471634341444053	optimal	3.2471634341555906	27.536784881959626	1.0
./model.xml	obj	R_rxn01115_c0	0.0	optimal	0.0	21.421374947405155	1.0
./model.xml	obj	R_rxn01116_c0	-2.0465941256891718	optimal	-9.450580163878215	-2.046594125670629	1.0
./model.xml	obj	R_rxn01117_c0	-0.0017674438321322581	optimal	-0.001767443832132258	-0.0017674438321322577	1.0
./model.xml	obj	R_rxn01127_c0	0.0	optimal	0.0	0.0	1.0
./model.xml	obj	R_rxn01128_c0	0.0	optimal	-1000.0	1000.0	1.0
./model.xml	obj	R_rxn01129_c0	0.0	optimal	-1000.0	1000.0	1.0
./model.xml	obj	R_rxn01132_c0	-0.07601821984554323	optimal	-1000.0	999.9239817801546	1.0
./model.xml	obj	R_rxn01133_c0	0.0	optimal	0.0	0.0	1.0
./model.xml	obj	R_rxn01134_c0	0.0	optimal	-1000.0	999.9532107722047	1.0
./model.xml	obj	R_rxn01137_c0	0.0014000000000000067	optimal	0.0013999999997116493	21.42277494732587	1.0
./model.xml	obj	R_rxn01145_c0	0.0	optimal	0.0	0.0	1.0
./model.xml	obj	R_rxn01179_c0	0.0	optimal	0.0	0.0	1.0
./model.xml	obj	R_rxn01187_c0	0.0	optimal	0.0	1000.0	1.0
./model.xml	obj	R_rxn01200_c0	1.25655253214751	optimal	1.2565525321416855	14.109377500586188	1.0
./model.xml	obj	R_rxn01208_c0	-0.03500647655153071	optimal	-1.1799368434813677	-0.03500647655153071	1.0
./model.xml	obj	R_rxn01210_c0	0.0	optimal	0.0	0.0	1.0
./model.xml	obj	R_rxn01211_c0	0.0	optimal	-999.9535911592949	1000.0	1.0
./model.xml	obj	R_rxn01213_c0	0.0020252727968998064	optimal	0.002025272796899804	0.002025272796899804	1.0
./model.xml	obj	R_rxn01218_c0	0.0	optimal	0.0	0.0	1.0
./model.xml	obj	R_rxn01219_c0	0.0	optimal	0.0	0.0	1.0
./model.xml	obj	R_rxn01225_c0	0.0	optimal	0.0	21.421374947410353	1.0
./model.xml	obj	R_rxn01226_c0	0.0	optimal	0.0	32.13206242112077	1.0
./model.xml	obj	R_rxn01241_c0	0.0	optimal	0.0	2.1029993870077774	1.0
./model.xml	obj	R_rxn01255_c0	0.0280224692504926	optimal	0.02802246925049259	0.791309380540064	1.0
./model.xml	obj	R_rxn01256_c0	0.02236455981002191	optimal	0.022364559810021903	0.7856514710984431	1.0
./model.xml	obj	R_rxn01257_c0	0.0006000000000000033	optimal	0.0005999999999630745	0.36215695797879555	1.0
./model.xml	obj	R_rxn01258_c0	0.0004	optimal	0.0004	0.0004	1.0
./model.xml	obj	R_rxn01265_c0	-0.0002	optimal	-0.0002	64.26392484221353	1.0
./model.xml	obj	R_rxn01268_c0	0.009918245236271429	optimal	0.009918245236271427	0.7732051565266478	1.0
./model.xml	obj	R_rxn01274_c0	0.0	optimal	0.0	0.0	1.0
./model.xml	obj	R_rxn01275_c0	0.0	optimal	0.0	0.0	1.0
./model.xml	obj	R_rxn01280_c0	0.0	optimal	-1000.0	1000.0	1.0
./model.xml	obj	R_rxn01281_c0	0.0	optimal	-999.9999999999998	1000.0	1.0
./model.xml	obj	R_rxn01286_c0	0.0	optimal	0.0	0.0	1.0
./model.xml	obj	R_rxn01297_c0	0.0014000000000000067	optimal	0.001399999999998833	32.13346242110252	1.0
./model.xml	obj	R_rxn01299_c0	0.0014000000000000067	optimal	0.0014000000000000067	32.13346242110942	1.0
./model.xml	obj	R_rxn01300_c0	0.045448067851860265	optimal	0.045448067850735185	1.7628436182511094	1.0
./model.xml	obj	R_rxn01301_c0	-0.045448067851860265	optimal	-1000.0	999.9545519321479	1.0
./model.xml	obj	R_rxn01302_c0	0.0	optimal	-1000.0	999.9545519321482	1.0
./model.xml	obj	R_rxn01324_c0	0.0	optimal	0.0	0.0	1.0
./model.xml	obj	R_rxn01329_c0	0.0	optimal	0.0	0.0	1.0
./model.xml	obj	R_rxn01332_c0	0.0280224692504926	optimal	0.028022469250404608	0.791309380538271	1.0
./model.xml	obj	R_rxn01333_c0	0.0	optimal	-65.52303396614359	65.62963124700276	1.0
./model.xml	obj	R_rxn01334_c0	-1.2589091239236863	optimal	-66.88854037092895	64.26412484223808	1.0
./model.xml	obj	R_rxn01343_c0	0.0	optimal	0.0	64.2641248422634	1.0
./model.xml	obj	R_rxn01345_c0	1.2589091239236863	optimal	0.0	66.88854037092497	1.0
./model.xml	obj	R_rxn01351_c0	0.0	optimal	0.0	64.26412484227467	1.0
./model.xml	obj	R_rxn01352_c0	-0.0014879479054783684	optimal	-1000.0000000000002	0.0	1.0
./model.xml	obj	R_rxn01353_c0	0.0	optimal	-1000.0	1000.0	1.0
./model.xml	obj	R_rxn01354_c0	0.0	optimal	-1000.0	1000.0	1.0
./model.xml	obj	R_rxn01362_c0	-0.021599170073199447	optimal	-0.021599170073277146	-0.021599170073277146	1.0
./model.xml	obj	R_rxn01370_c0	0.0	optimal	-1000.0	1000.0	1.0
./model.xml	obj	R_rxn01387_c0	0.07539447401393723	optimal	0.07539447401407186	2.0407900244102426	1.0
./model.xml	obj	R_rxn01388_c0	-0.07539447401393723	optimal	-2.0407900244123915	-0.07539447401410744	1.0
./model.xml	obj	R_rxn01416_c0	0.0	optimal	0.0	0.0	1.0
./model.xml	obj	R_rxn01434_c0	0.018091304856784923	optimal	0.01809130485678492	1.7354868552374885	1.0
./model.xml	obj	R_rxn01445_c0	0.0014879479054783684	optimal	0.0	1000.0	1.0
./model.xml	obj	R_rxn01451_c0	0.0	optimal	0.0	0.0	1.0
./model.xml	obj	R_rxn01459_c0	0.0	optimal	0.0	0.0	1.0
./model.xml	obj	R_rxn01465_c0	-0.021599170073199447	optimal	-0.02159917007335483	-0.021599170073234544	1.0
./model.xml	obj	R_rxn01466_c0	0.0020252727968998064	optimal	0.0020252727968998003	0.0020252727968998003	1.0
./model.xml	obj	R_rxn01476_c0	0.0	optimal	0.0	21.421374947406868	1.0
./model.xml	obj	R_rxn01480_c0	0.0	optimal	0.0	0.0	1.0
./model.xml	obj	R_rxn01484_c0	0.0	optimal	0.0	0.0	1.0
./model.xml	obj	R_rxn01485_c0	-0.002556591776176344	optimal	-0.002556591776176344	-0.0025565917761763437	1.0
./model.xml	obj	R_rxn01486_c0	0.0008361248528557178	optimal	0.0008361248528557177	0.0008361248528557178	1.0
./model.xml	obj	R_rxn01487_c0	0.0	optimal	0.0	0.0	1.0
./model.xml	obj	R_rxn01489_c0	0.0004180624264278589	optimal	0.00041806242642785887	0.0004180624264278589	1.0
./model.xml	obj	R_rxn01506_c0	0.0	optimal	0.0	0.0	1.0
./model.xml	obj	R_rxn01507_c0	0.0	optimal	0.0	0.0	1.0
./model.xml	obj	R_rxn01509_c0	-0.0014879479054783684	optimal	-1000.0	64.26412484222863	1.0
./model.xml	obj	R_rxn01510_c0	0.0	optimal	-1000.0	1000.0	1.0
./model.xml	obj	R_rxn01512_c0	0.0028002986786804505	optimal	0.0026002986791837106	1000.0	1.0
./model.xml	obj	R_rxn01513_c0	0.0020111507346367904	optimal	0.002011150734653352	64.26613599287644	1.0
./model.xml	obj	R_rxn01515_c0	0.0	optimal	0.0	999.9973997013212	1.0
./model.xml	obj	R_rxn01516_c0	0.0	optimal	0.0	999.9973997013216	1.0
./model.xml	obj	R_rxn01517_c0	-0.0020111507346367904	optimal	-0.0020111507346784845	-0.0020111507346367895	1.0
./model.xml	obj	R_rxn01520_c0	0.0020111507346367904	optimal	0.0020111507345745854	0.0020111507345745854	1.0
./model.xml	obj	R_rxn01521_c0	0.0	optimal	0.0	0.0	1.0
./model.xml	obj	R_rxn01522_c0	0.0	optimal	0.0	0.0	1.0
./model.xml	obj	R_rxn01537_c0	0.0	optimal	0.0	0.0	1.0
./model.xml	obj	R_rxn01544_c0	-0.0014000000000000067	optimal	-32.133462421062646	0.0	1.0
./model.xml	obj	R_rxn01545_c0	0.0	optimal	0.0	32.1320624211134	1.0
./model.xml	obj	R_rxn01575_c0	-0.020666048503840385	optimal	-1.1655964154384728	-0.020666048503840382	1.0
./model.xml	obj	R_rxn01602_c0	0.0	optimal	0.0	0.3615569579784831	1.0
./model.xml	obj	R_rxn01603_c0	0.0006000000000000033	optimal	0.0005999999999120181	0.3621569579782605	1.0
./model.xml	obj	R_rxn01629_c0	-0.0032	optimal	-1.899666400372419	-0.0032	1.0
./model.xml	obj	R_rxn01636_c0	0.018091304856784923	optimal	0.01809130485678492	1.735486855260642	1.0
./model.xml	obj	R_rxn01637_c0	-0.018091304856784923	optimal	-1.7354868552530038	-0.01809130485678492	1.0
./model.xml	obj	R_rxn01643_c0	-0.059607204228621785	optimal	-1.7770027546253933	-0.05960720422865795	1.0
./model.xml	obj	R_rxn01644_c0	0.013959136376761518	optimal	0.0	1000.0	1.0
./model.xml	obj	R_rxn01652_c0	0.0	optimal	0.0	64.26412484157625	1.0
./model.xml	obj	R_rxn01653_c0	0.0	optimal	0.0	64.26412484220259	1.0
./model.xml	obj	R_rxn01669_c0	-0.0003999999999995525	optimal	-0.00039999999989959184	32.13186242110744	1.0
./model.xml	obj	R_rxn01670_c0	0.0	optimal	0.0	0.0	1.0
./model.xml	obj	R_rxn01672_c0	0.0020111507346367904	optimal	0.002011150734574585	0.002011150734574585	1.0
./model.xml	obj	R_rxn01673_c0	0.0	optimal	-1000.0	1000.0	1.0
./model.xml	obj	R_rxn01674_c0	0.0	optimal	-1000.0	1000.0	1.0
./model.xml	obj	R_rxn01675_c0	0.000589147944044086	optimal	0.0005891479440440859	0.000589147944044086	1.0
./model.xml	obj	R_rxn01678_c0	-0.0020111507346367904	optimal	-1000.0	1000.0	1.0
./model.xml	obj	R_rxn01679_c0	0.0	optimal	-1000.0	1000.0	1.0
./model.xml	obj	R_rxn01682_c0	0.0	optimal	0.0	0.6291653823124145	1.0
./model.xml	obj	R_rxn01705_c0	0.0	optimal	-1000.0	1000.0	1.0
./model.xml	obj	R_rxn01706_c0	0.0	optimal	-1000.0	1000.0	1.0
./model.xml	obj	R_rxn01710_c0	0.0	optimal	0.0	0.0	1.0
./model.xml	obj	R_rxn01715_c0	0.0	optimal	0.0	0.0	1.0
./model.xml	obj	R_rxn01739_c0	0.0280224692504926	optimal	0.02802246925046809	0.791309380540869	1.0
./model.xml	obj	R_rxn01740_c0	-0.0280224692504926	optimal	-0.7913093805402228	-0.028022469250492593	1.0
./model.xml	obj	R_rxn01790_c0	-0.0003999999999999976	optimal	-0.7636869112869613	-0.00040000000000001146	1.0
./model.xml	obj	R_rxn01791_c0	0.0004000000000000006	optimal	0.0003999999999999976	0.7636869112874609	1.0
./model.xml	obj	R_rxn01802_c0	0.0	optimal	0.0	0.0	1.0
./model.xml	obj	R_rxn01827_c0	0.0	optimal	0.0	0.0	1.0
./model.xml	obj	R_rxn01833_c0	0.0	optimal	0.0	0.0	1.0
./model.xml	obj	R_rxn01834_c0	0.0	optimal	0.0	0.0	1.0
./model.xml	obj	R_rxn01851_c0	0.0	optimal	0.0	0.0	1.0
./model.xml	obj	R_rxn01858_c0	0.0	optimal	0.0	0.0	1.0
./model.xml	obj	R_rxn01870_c0	0.0	optimal	0.0	0.0	1.0
./model.xml	obj	R_rxn01871_c0	0.0	optimal	-2.102999387002475	0.0	1.0
./model.xml	obj	R_rxn01917_c0	0.018091304856784923	optimal	0.01809130485678492	1.7354868552536118	1.0
./model.xml	obj	R_rxn01961_c0	0.0	optimal	0.0	32.13206242109559	1.0
./model.xml	obj	R_rxn01962_c0	0.0	optimal	0.0	0.0	1.0
./model.xml	obj	R_rxn01964_c0	0.004657909440470688	optimal	0.0	0.6291653823120166	1.0
./model.xml	obj	R_rxn01966_c0	0.0	optimal	-1000.0	999.9239817801545	1.0
./model.xml	obj	R_rxn01967_c0	-0.07601821984554323	optimal	-64.34014306203701	-0.07601821984508206	1.0
./model.xml	obj	R_rxn01974_c0	0.0	optimal	-999.9860408636232	2.0001240247369267e-12	1.0
./model.xml	obj	R_rxn01987_c0	0.0	optimal	0.0	0.0	1.0
./model.xml	obj	R_rxn01997_c0	0.000589147944044086	optimal	0.000589147944044086	0.000589147944044086	1.0
./model.xml	obj	R_rxn02000_c0	0.000589147944044086	optimal	0.0005891479440440859	0.000589147944044086	1.0
./model.xml	obj	R_rxn02003_c0	-0.000589147944044086	optimal	-0.000589147944044086	-0.0005891479440440859	1.0
./model.xml	obj	R_rxn02007_c0	0.0	optimal	0.0	0.0	1.0
./model.xml	obj	R_rxn02008_c0	0.000589147944044086	optimal	0.0005891479440440859	0.000589147944044086	1.0
./model.xml	obj	R_rxn02011_c0	0.000589147944044086	optimal	0.000589147944044086	0.000589147944044086	1.0
./model.xml	obj	R_rxn02021_c0	0.0	optimal	0.0	0.0	1.0
./model.xml	obj	R_rxn02056_c0	-0.0002	optimal	-0.0002	-0.00019999999999999998	1.0
./model.xml	obj	R_rxn02090_c0	0.0	optimal	0.0	0.0	1.0
./model.xml	obj	R_rxn02104_c0	0.0	optimal	0.0	0.0	1.0
./model.xml	obj	R_rxn02128_c0	0.0	optimal	0.0	0.0	1.0
./model.xml	obj	R_rxn02155_c0	0.0	optimal	0.0	32.13226242111879	1.0
./model.xml	obj	R_rxn02159_c0	0.0063085599872208485	optimal	0.006308559987220848	1.1512389269200445	1.0
./model.xml	obj	R_rxn02160_c0	0.0063085599872208485	optimal	0.006308559987220848	1.151238926916589	1.0
./model.xml	obj	R_rxn02166_c0	0.0	optimal	0.0	0.0	1.0
./model.xml	obj	R_rxn02175_c0	0.0004000000000000006	optimal	0.0003999999999999768	0.0003999999999999768	1.0
./model.xml	obj	R_rxn02177_c0	0.0	optimal	0.0	0.0	1.0
./model.xml	obj	R_rxn02185_c0	-0.05754875739624503	optimal	-1.4314651977123896	-0.05754875739626186	1.0
./model.xml	obj	R_rxn02186_c0	0.05754875739624503	optimal	0.057548757396248595	1.4314651977155408	1.0
./model.xml	obj	R_rxn02200_c0	0.0006000000000000033	optimal	-64.26352484218589	0.3621569579780752	1.0
./model.xml	obj	R_rxn02201_c0	0.0	optimal	0.0	64.2641248422507	1.0
./model.xml	obj	R_rxn02212_c0	0.0280224692504926	optimal	0.028022469250404615	0.7913093805390812	1.0
./model.xml	obj	R_rxn02213_c0	0.0280224692504926	optimal	0.02802246925049259	0.7913093805373221	1.0
./model.xml	obj	R_rxn02264_c0	0.0004	optimal	0.00040000000000575686	0.23745830004698973	1.0
./model.xml	obj	R_rxn02277_c0	0.0002	optimal	0.00019999999999999998	0.14474670692167926	1.0
./model.xml	obj	R_rxn02285_c0	-0.000589147944044086	optimal	-0.000589147944044086	-0.0005891479440440859	1.0
./model.xml	obj	R_rxn02286_c0	0.000589147944044086	optimal	0.0005891479440440859	0.000589147944044086	1.0
./model.xml	obj	R_rxn02288_c0	0.0002	optimal	0.00019999999999999998	0.23725830004689208	1.0
./model.xml	obj	R_rxn02297_c0	0.0	optimal	0.0	0.0	1.0
./model.xml	obj	R_rxn02303_c0	0.0002	optimal	0.00019999999999999998	0.23725830004747148	1.0
./model.xml	obj	R_rxn02304_c0	0.0001	optimal	9.999999999999999e-05	0.11862915002333459	1.0
./model.xml	obj	R_rxn02305_c0	0.00020000000000000226	optimal	0.00019999999999999882	0.00019999999999999882	1.0
./model.xml	obj	R_rxn02312_c0	0.0002	optimal	0.00019999999999999998	0.1447467069217102	1.0
./model.xml	obj	R_rxn02314_c0	0.0	optimal	0.0	0.0	1.0
./model.xml	obj	R_rxn02320_c0	-0.0063085599872208485	optimal	-1.1512389269190115	-0.006308559987220848	1.0
./model.xml	obj	R_rxn02331_c0	-0.0017674438321322581	optimal	-0.0017674438321322581	-0.0017674438321322581	1.0
./model.xml	obj	R_rxn02341_c0	0.0004000000000000006	optimal	0.00040000000000001146	0.0004000000000000115	1.0
./model.xml	obj	R_rxn02342_c0	0.0	optimal	0.0	2.10299938700806	1.0
./model.xml	obj	R_rxn02373_c0	0.0	optimal	-64.26412484220961	0.0	1.0
./model.xml	obj	R_rxn02374_c0	0.0	optimal	0.0	64.2641248422273	1.0
./model.xml	obj	R_rxn02380_c0	-0.07601821984554323	optimal	-64.34014306205108	-0.07601821984542312	1.0
./model.xml	obj	R_rxn02400_c0	0.0	optimal	0.0	0.0	1.0
./model.xml	obj	R_rxn02402_c0	-0.0003999999999995525	optimal	-1.1453303669311703	-0.00040000000087115863	1.0
./model.xml	obj	R_rxn02404_c0	0.0017674438321322581	optimal	0.001767443832132258	0.001767443832132258	1.0
./model.xml	obj	R_rxn02405_c0	0.0017674438321322581	optimal	0.0017674438321322581	0.0017674438321322581	1.0
./model.xml	obj	R_rxn02465_c0	-0.018091304856784923	optimal	-1.7354868552524385	-0.01809130485678492	1.0
./model.xml	obj	R_rxn02473_c0	0.0063085599872208485	optimal	0.006308559987220848	1.1512389269183883	1.0
./model.xml	obj	R_rxn02474_c0	0.0	optimal	-0.7638869112869687	0.0	1.0
./model.xml	obj	R_rxn02475_c0	0.0	optimal	0.0	0.763886911287398	1.0
./model.xml	obj	R_rxn02476_c0	0.0280224692504926	optimal	0.028022469250341984	0.7913093805381166	1.0
./model.xml	obj	R_rxn02484_c0	0.0	optimal	0.0	0.0	1.0
./model.xml	obj	R_rxn02503_c0	0.0	optimal	0.0	64.264124842214	1.0
./model.xml	obj	R_rxn02504_c0	0.0006000000000000033	optimal	0.0005999999999754951	0.3621569579777914	1.0
./model.xml	obj	R_rxn02507_c0	0.004657909440470688	optimal	0.004657909440470688	0.6291653823119987	1.0
./model.xml	obj	R_rxn02508_c0	0.004657909440470688	optimal	0.004657909440470688	0.6291653823122938	1.0
./model.xml	obj	R_rxn02517_c0	0.0	optimal	0.0	0.0	1.0
./model.xml	obj	R_rxn02518_c0	0.0	optimal	0.0	0.0	1.0
./model.xml	obj	R_rxn02529_c0	0.0	optimal	0.0	0.0	1.0
./model.xml	obj	R_rxn02569_c0	0.0	optimal	0.0	0.0	1.0
./model.xml	obj	R_rxn02663_c0	0.0	optimal	0.0	0.0	1.0
./model.xml	obj	R_rxn02679_c0	0.0	optimal	0.0	0.0	1.0
./model.xml	obj	R_rxn02716_c0	0.0	optimal	-1000.0	1000.0	1.0
./model.xml	obj	R_rxn02720_c0	0.0	optimal	0.0	0.0	1.0
./model.xml	obj	R_rxn02733_c0	0.0	optimal	0.0	0.0	1.0
./model.xml	obj	R_rxn02761_c0	0.0	optimal	0.0	0.0	1.0
./model.xml	obj	R_rxn02774_c0	0.0002	optimal	0.00019999999999999998	0.0002	1.0
./model.xml	obj	R_rxn02782_c0	0.0	optimal	0.0	0.0	1.0
./model.xml	obj	R_rxn02789_c0	0.03500647655153071	optimal	0.03500647655153071	1.1799368434831092	1.0
./model.xml	obj	R_rxn02791_c0	0.0	optimal	0.0	0.0	1.0
./model.xml	obj	R_rxn02792_c0	0.0	optimal	0.0	0.0	1.0
./model.xml	obj	R_rxn02803_c0	0.0	optimal	0.0	0.0	1.0
./model.xml	obj	R_rxn02811_c0	-0.03500647655153071	optimal	-1.1799368434845623	-0.03500647655153071	1.0
./model.xml	obj	R_rxn02831_c0	0.0004	optimal	0.00039999999999999996	0.0004000000000000001	1.0
./model.xml	obj	R_rxn02832_c0	-0.0004	optimal	-0.0004000000000000001	-0.0004000000000000001	1.0
./model.xml	obj	R_rxn02834_c0	0.0063085599872208485	optimal	0.0063085599872208485	1.151238926918382	1.0
./model.xml	obj	R_rxn02835_c0	0.0063085599872208485	optimal	0.006308559987220848	1.151238926918649	1.0
./model.xml	obj	R_rxn02853_c0	0.0	optimal	0.0	0.0	1.0
./model.xml	obj	R_rxn02895_c0	0.020850140359253557	optimal	0.02085014035866386	1.3947665806781828	1.0
./model.xml	obj	R_rxn02897_c0	0.0002	optimal	0.0002	0.0002	1.0
./model.xml	obj	R_rxn02898_c0	0.0004	optimal	0.00039999999999999877	0.0003999999999999989	1.0
./model.xml	obj	R_rxn02916_c0	0.0	optimal	0.0	0.0	1.0
./model.xml	obj	R_rxn02929_c0	-0.013959136376761518	optimal	-1000.0	0.0	1.0
./model.xml	obj	R_rxn02933_c0	0.0	optimal	0.0	0.0	1.0
./model.xml	obj	R_rxn02937_c0	0.020850140359253557	optimal	0.020850140358639455	1.3947665806756344	1.0
./model.xml	obj	R_rxn02945_c0	0.0004180624264278589	optimal	0.00041806242642785887	0.0004180624264278589	1.0
./model.xml	obj	R_rxn02959_c0	0.0	optimal	0.0	0.0	1.0
./model.xml	obj	R_rxn02985_c0	0.0	optimal	0.0	0.0	1.0
./model.xml	obj	R_rxn02986_c0	0.0	optimal	0.0	0.0	1.0
./model.xml	obj	R_rxn02988_c0	-0.0003999999999995525	optimal	-1.1453303669318213	-0.0003999999998995918	1.0
./model.xml	obj	R_rxn02989_c0	0.0	optimal	0.0	0.0	1.0
./model.xml	obj	R_rxn03004_c0	-0.027158700346474413	optimal	-1000.0	999.9728412996532	1.0
./model.xml	obj	R_rxn03005_c0	-0.04640884070572798	optimal	-1000.0	999.9535911592961	1.0
./model.xml	obj	R_rxn03012_c0	0.0	optimal	0.0	0.0	1.0
./model.xml	obj	R_rxn03039_c0	0.0	optimal	0.0	0.0	1.0
./model.xml	obj	R_rxn03047_c0	0.0	optimal	0.0	0.0	1.0
./model.xml	obj	R_rxn03057_c0	0.0	optimal	0.0	0.0	1.0
./model.xml	obj	R_rxn03062_c0	0.03500647655153071	optimal	0.03500647654998435	1.1799368434838309	1.0
./model.xml	obj	R_rxn03068_c0	0.0	optimal	0.0	0.0	1.0
./model.xml	obj	R_rxn03080_c0	0.0	optimal	0.0	0.0	1.0
./model.xml	obj	R_rxn03084_c0	0.020850140359253557	optimal	0.020850140359147742	1.3947665806765164	1.0
./model.xml	obj	R_rxn03108_c0	0.00019999999999999185	optimal	0.000199999999999978	0.000199999999999978	1.0
./model.xml	obj	R_rxn03130_c0	0.000589147944044086	optimal	0.0005891479440440859	0.000589147944044086	1.0
./model.xml	obj	R_rxn03135_c0	-0.0063085599872208485	optimal	-1.1512389269176837	-0.0063085599872208485	1.0
./model.xml	obj	R_rxn03136_c0	0.020650140359253565	optimal	0.020650140361978847	1.3945665806807586	1.0
./model.xml	obj	R_rxn03137_c0	0.026958700346474414	optimal	0.02695870034623173	1.4008751406654245	1.0
./model.xml	obj	R_rxn03141_c0	0.0	optimal	0.0	0.0	1.0
./model.xml	obj	R_rxn03146_c0	0.001178295888088172	optimal	0.0011782958880881718	0.001178295888088172	1.0
./model.xml	obj	R_rxn03147_c0	0.020650140359253565	optimal	0.02065014035919746	1.3945665806705432	1.0
./model.xml	obj	R_rxn03150_c0	0.0002	optimal	0.00019999999999999998	0.0002	1.0
./model.xml	obj	R_rxn03159_c0	0.000589147944044086	optimal	0.0005891479440440859	0.000589147944044086	1.0
./model.xml	obj	R_rxn03164_c0	0.000589147944044086	optimal	0.0005891479440440859	0.000589147944044086	1.0
./model.xml	obj	R_rxn03167_c0	0.0006000000000000033	optimal	0.0005999999999755003	0.3621569579784831	1.0
./model.xml	obj	R_rxn03174_c0	0.0	optimal	-0.3621569579782318	0.0	1.0
./model.xml	obj	R_rxn03175_c0	0.0063085599872208485	optimal	0.006308559987220848	1.1512389269207992	1.0
./model.xml	obj	R_rxn03181_c0	0.000589147944044086	optimal	0.0005891479440440859	0.000589147944044086	1.0
./model.xml	obj	R_rxn03182_c0	0.000589147944044086	optimal	0.000589147944044086	0.000589147944044086	1.0
./model.xml	obj	R_rxn03194_c0	0.020666048503840385	optimal	-2.683413327863945	1.1655964154356302	1.0
./model.xml	obj	R_rxn03236_c0	0.0	optimal	0.0	0.0	1.0
./model.xml	obj	R_rxn03249_c0	0.0	optimal	0.0	0.0	1.0
./model.xml	obj	R_rxn03251_c0	0.0	optimal	0.0	0.0	1.0
./model.xml	obj	R_rxn03253_c0	0.0	optimal	0.0	0.0	1.0
./model.xml	obj	R_rxn03264_c0	0.0	optimal	0.0	0.0	1.0
./model.xml	obj	R_rxn03269_c0	0.0	optimal	0.0	0.0	1.0
./model.xml	obj	R_rxn03384_c0	0.0	optimal	0.0	0.0	1.0
./model.xml	obj	R_rxn03393_c0	0.00020000000000000226	optimal	0.00019999999999999987	0.00020000000000000226	1.0
./model.xml	obj	R_rxn03395_c0	0.00020000000000000226	optimal	0.00020000000000000052	0.00020000000000000229	1.0
./model.xml	obj	R_rxn03396_c0	0.00020000000000000226	optimal	0.00019999999999999987	0.00019999999999999987	1.0
./model.xml	obj	R_rxn03397_c0	0.00020000000000000226	optimal	0.00019999999999999987	0.0001999999999999999	1.0
./model.xml	obj	R_rxn03406_c0	0.0	optimal	0.0	0.0	1.0
./model.xml	obj	R_rxn03407_c0	0.0	optimal	0.0	0.0	1.0
./model.xml	obj	R_rxn03408_c0	0.000589147944044086	optimal	0.0005891479440440859	0.000589147944044086	1.0
./model.xml	obj	R_rxn03409_c0	0.0	optimal	0.0	0.0	1.0
./model.xml	obj	R_rxn03419_c0	0.0	optimal	0.0	0.3621569579788966	1.0
./model.xml	obj	R_rxn03421_c0	0.0	optimal	0.0	0.3621569579782797	1.0
./model.xml	obj	R_rxn03435_c0	-0.020666048503840385	optimal	-1.1655964154354659	-0.020666048503840382	1.0
./model.xml	obj	R_rxn03436_c0	0.020666048503840385	optimal	0.020666048503840382	1.165596415434113	1.0
./model.xml	obj	R_rxn03437_c0	0.020666048503840385	optimal	0.020666048503840382	1.1655964154361382	1.0
./model.xml	obj	R_rxn03439_c0	0.000589147944044086	optimal	0.0005891479440440859	0.000589147944044086	1.0
./model.xml	obj	R_rxn03446_c0	0.0	optimal	0.0	0.0	1.0
./model.xml	obj	R_rxn03504_c0	0.0	optimal	0.0	0.0	1.0
./model.xml	obj	R_rxn03511_c0	0.002356591776176344	optimal	0.0023565917761763436	0.002356591776176344	1.0
./model.xml	obj	R_rxn03535_c0	0.0	optimal	0.0	0.0	1.0
./model.xml	obj	R_rxn03536_c0	0.0002	optimal	0.0	0.0002	1.0
./model.xml	obj	R_rxn03537_c0	0.0002	optimal	0.00019999999999999998	0.0002	1.0
./model.xml	obj	R_rxn03538_c0	0.0002	optimal	0.00019999999999999998	0.0002	1.0
./model.xml	obj	R_rxn03540_c0	0.0	optimal	0.0	0.0	1.0
./model.xml	obj	R_rxn03542_c0	0.0	optimal	0.0	0.0	1.0
./model.xml	obj	R_rxn03638_c0	0.002556591776176344	optimal	0.0025565917761763437	0.002556591776176344	1.0
./model.xml	obj	R_rxn03646_c0	0.0	optimal	0.0	0.0	1.0
./model.xml	obj	R_rxn03841_c0	0.0006000000000000033	optimal	0.0005999999998493877	0.36215695797859665	1.0
./model.xml	obj	R_rxn03843_c0	0.000589147944044086	optimal	0.0005891479440440859	0.000589147944044086	1.0
./model.xml	obj	R_rxn03852_c0	0.0	optimal	0.0	0.0	1.0
./model.xml	obj	R_rxn03884_c0	0.0	optimal	0.0	0.0	1.0
./model.xml	obj	R_rxn03893_c0	0.00020000000000000226	optimal	0.00019999999999999987	0.0001999999999999999	1.0
./model.xml	obj	R_rxn03901_c0	0.000589147944044086	optimal	0.0005891479440440859	0.000589147944044086	1.0
./model.xml	obj	R_rxn03903_c0	0.0	optimal	0.0	0.0	1.0
./model.xml	obj	R_rxn03904_c0	0.000589147944044086	optimal	0.0005891479440440859	0.000589147944044086	1.0
./model.xml	obj	R_rxn03907_c0	0.014625126795907835	optimal	0.014625126795907818	0.014625126795907818	1.0
./model.xml	obj	R_rxn03908_c0	0.014625126795907835	optimal	0.014625126795907807	0.014625126795907807	1.0
./model.xml	obj	R_rxn03909_c0	0.014825126795907837	optimal	0.014825126795907796	0.014825126795907816	1.0
./model.xml	obj	R_rxn03910_c0	0.014625126795907835	optimal	0.01462512679590779	0.01462512679590779	1.0
./model.xml	obj	R_rxn03916_c0	0.002356591776176344	optimal	0.0023565917761763436	0.002356591776176344	1.0
./model.xml	obj	R_rxn03917_c0	0.002356591776176344	optimal	0.0023565917761763436	0.002356591776176344	1.0
./model.xml	obj	R_rxn03918_c0	0.002356591776176344	optimal	0.0023565917761763436	0.002356591776176344	1.0
./model.xml	obj	R_rxn03919_c0	0.002356591776176344	optimal	0.002356591776176344	0.002356591776176344	1.0
./model.xml	obj	R_rxn03933_c0	0.0	optimal	0.0	0.0	1.0
./model.xml	obj	R_rxn03951_c0	0.0	optimal	0.0	0.0	1.0
./model.xml	obj	R_rxn03958_c0	-0.014625126795907835	optimal	-0.01462512679590782	-0.014625126795907812	1.0
./model.xml	obj	R_rxn03962_c0	0.0	optimal	0.0	0.0	1.0
./model.xml	obj	R_rxn04045_c0	0.0	optimal	0.0	0.0	1.0
./model.xml	obj	R_rxn04046_c0	0.0	optimal	0.0	0.0	1.0
./model.xml	obj	R_rxn04047_c0	0.0	optimal	0.0	0.0	1.0
./model.xml	obj	R_rxn04048_c0	0.0	optimal	0.0	0.0	1.0
./model.xml	obj	R_rxn04050_c0	0.0	optimal	0.0	0.0	1.0
./model.xml	obj	R_rxn04052_c0	0.0	optimal	0.0	0.0	1.0
./model.xml	obj	R_rxn04070_c0	0.0	optimal	0.0	0.0	1.0
./model.xml	obj	R_rxn04113_c0	0.0	optimal	0.0	0.014625126795907837	1.0
./model.xml	obj	R_rxn04132_c0	0.0	optimal	0.0	0.0	1.0
./model.xml	obj	R_rxn04133_c0	0.0	optimal	0.0	0.0	1.0
./model.xml	obj	R_rxn04139_c0	0.00020000000000000226	optimal	0.0002000000000000001	0.0002000000000000001	1.0
./model.xml	obj	R_rxn04152_c0	0.0	optimal	0.0	0.0	1.0
./model.xml	obj	R_rxn04153_c0	0.0	optimal	0.0	0.0	1.0
./model.xml	obj	R_rxn04154_c0	0.0	optimal	0.0	0.0	1.0
./model.xml	obj	R_rxn04159_c0	0.0	optimal	-1000.0	1000.0	1.0
./model.xml	obj	R_rxn04161_c0	0.0	optimal	0.0	0.0	1.0
./model.xml	obj	R_rxn04162_c0	0.0	optimal	-1000.0	1000.0	1.0
./model.xml	obj	R_rxn04308_c0	0.000589147944044086	optimal	0.0005891479440440859	0.000589147944044086	1.0
./model.xml	obj	R_rxn04384_c0	0.0	optimal	0.0	0.0	1.0
./model.xml	obj	R_rxn04385_c0	0.0	optimal	0.0	0.0	1.0
./model.xml	obj	R_rxn04413_c0	0.0	optimal	0.0	0.0002	1.0
./model.xml	obj	R_rxn04453_c0	0.0	optimal	0.0	0.0	1.0
./model.xml	obj	R_rxn04457_c0	0.0	optimal	0.0	0.0	1.0
./model.xml	obj	R_rxn04705_c0	0.0	optimal	-1000.0	1000.0	1.0
./model.xml	obj	R_rxn04750_c0	0.0	optimal	0.0	0.0	1.0
./model.xml	obj	R_rxn04783_c0	0.0015999999999999903	optimal	0.0015999999999754615	64.26572484218516	1.0
./model.xml	obj	R_rxn04791_c0	0.0	optimal	0.0	0.0	1.0
./model.xml	obj	R_rxn04792_c0	0.0	optimal	-1000.0	1000.0	1.0
./model.xml	obj	R_rxn04938_c0	0.0	optimal	-1000.0	1000.0	1.0
./model.xml	obj	R_rxn05005_c0	0.0002	optimal	0.00019999999999999998	0.0002	1.0
./model.xml	obj	R_rxn05006_c0	0.0002	optimal	0.00019999999999999998	0.0002	1.0
./model.xml	obj	R_rxn05024_c0	0.0	optimal	0.0	0.0	1.0
./model.xml	obj	R_rxn05029_c0	0.0002	optimal	0.0002	0.0002	1.0
./model.xml	obj	R_rxn05034_c0	0.0	optimal	0.0	0.0	1.0
./model.xml	obj	R_rxn05040_c0	0.0	optimal	0.0	0.0	1.0
./model.xml	obj	R_rxn05054_c0	0.0	optimal	0.0	0.0	1.0
./model.xml	obj	R_rxn05064_c0	0.0	optimal	0.0	0.0	1.0
./model.xml	obj	R_rxn05109_c0	0.0	optimal	0.0	0.0	1.0
./model.xml	obj	R_rxn05114_c0	0.020650140359253565	optimal	0.020650140359104247	1.394566580676336	1.0
./model.xml	obj	R_rxn05115_c0	0.020650140359253565	optimal	0.020650140359279145	1.394566580679761	1.0
./model.xml	obj	R_rxn05120_c0	0.0	optimal	0.0	0.0	1.0
./model.xml	obj	R_rxn05144_c0	0.0002	optimal	0.0002	0.0002	1.0
./model.xml	obj	R_rxn05145_c0	0.0	optimal	0.0	64.26412484220661	1.0
./model.xml	obj	R_rxn05148_c0	0.0	optimal	-0.23705830004666803	0.0	1.0
./model.xml	obj	R_rxn05149_c0	0.0002	optimal	0.00019999999999997797	0.000199999999999978	1.0
./model.xml	obj	R_rxn05150_c0	0.0	optimal	0.0	58.51661231359906	1.0
./model.xml	obj	R_rxn05153_c0	0.0	optimal	0.0	64.26412484224154	1.0
./model.xml	obj	R_rxn05155_c0	0.0	optimal	0.0	64.26412484221699	1.0
./model.xml	obj	R_rxn05157_c0	0.0	optimal	0.0	0.0	1.0
./model.xml	obj	R_rxn05161_c0	0.0	optimal	0.0	64.26412484220774	1.0
./model.xml	obj	R_rxn05163_c0	0.0	optimal	0.0	64.26412484221653	1.0
./model.xml	obj	R_rxn05168_c0	0.0	optimal	0.0	64.26412484220715	1.0
./model.xml	obj	R_rxn05170_c0	0.0	optimal	0.0	0.0	1.0
./model.xml	obj	R_rxn05174_c0	0.0	optimal	0.0	0.0	1.0
./model.xml	obj	R_rxn05175_c0	0.0	optimal	0.0	58.51661231361229	1.0
./model.xml	obj	R_rxn05176_c0	0.0	optimal	0.0	0.0	1.0
./model.xml	obj	R_rxn05179_c0	0.0	optimal	0.0	64.26412484218012	1.0
./model.xml	obj	R_rxn05188_c0	0.0	optimal	0.0	0.0	1.0
./model.xml	obj	R_rxn05189_c0	0.0	optimal	0.0	0.0	1.0
./model.xml	obj	R_rxn05195_c0	0.0	optimal	0.0	0.20256418240041263	1.0
./model.xml	obj	R_rxn05202_c0	0.0	optimal	-1.3739164403165454	0.0	1.0
./model.xml	obj	R_rxn05206_c0	0.00039999999999999996	optimal	-64.26372484231015	64.2645248422268	1.0
./model.xml	obj	R_rxn05209_c0	0.0	optimal	-1000.0	1000.0	1.0
./model.xml	obj	R_rxn05217_c0	0.0	optimal	-1.7173955503962228	0.0	1.0
./model.xml	obj	R_rxn05223_c0	0.0	optimal	0.0	64.2641248422153	1.0
./model.xml	obj	R_rxn05226_c0	0.0	optimal	0.0	0.0	1.0
./model.xml	obj	R_rxn05232_c0	0.002017613800535212	optimal	0.002017613800535212	0.0020176138005352125	1.0
./model.xml	obj	R_rxn05233_c0	0.0014879479054783684	optimal	0.0014879479055025513	0.0014879479055025515	1.0
./model.xml	obj	R_rxn05235_c0	0.003500479040259779	optimal	0.003500479040301472	0.003500479040301472	1.0
./model.xml	obj	R_rxn05239_c0	0.0	optimal	0.0	0.29979999999999996	1.0
./model.xml	obj	R_rxn05243_c0	0.0	optimal	-64.26412484224237	0.0	1.0
./model.xml	obj	R_rxn05244_c0	0.0	optimal	-64.26412484221791	0.0	1.0
./model.xml	obj	R_rxn05247_c0	0.0	optimal	0.0	0.0	1.0
./model.xml	obj	R_rxn05248_c0	0.0	optimal	0.0	0.0	1.0
./model.xml	obj	R_rxn05249_c0	0.0	optimal	0.0	0.0	1.0
./model.xml	obj	R_rxn05250_c0	0.0	optimal	0.0	0.0	1.0
./model.xml	obj	R_rxn05251_c0	0.0	optimal	0.0	0.0	1.0
./model.xml	obj	R_rxn05252_c0	0.0	optimal	0.0	0.0	1.0
./model.xml	obj	R_rxn05255_c0	0.0	optimal	-0.3615569579779986	0.0	1.0
./model.xml	obj	R_rxn05256_c0	0.010706586156579684	optimal	0.0	0.2998	1.0
./model.xml	obj	R_rxn05289_c0	-0.14217353612287978	optimal	-1000.0	0.0	1.0
./model.xml	obj	R_rxn05297_c0	0.1473220139446385	optimal	-1000.0	1000.0	1.0
./model.xml	obj	R_rxn05298_c0	-0.1473220139446385	optimal	-1000.0	1000.0	1.0
./model.xml	obj	R_rxn05299_c0	0.0	optimal	-1.1449303669308555	0.0	1.0
./model.xml	obj	R_rxn05300_c0	0.0	optimal	-1.717395550393028	0.0	1.0
./model.xml	obj	R_rxn05301_c0	0.0	optimal	-0.7632869112868852	0.0	1.0
./model.xml	obj	R_rxn05303_c0	0.0	optimal	-1.1449303669303275	0.0	1.0
./model.xml	obj	R_rxn05305_c0	0.0	optimal	0.0	1.1449303669204398	1.0
./model.xml	obj	R_rxn05306_c0	0.0	optimal	-0.7632869112870271	0.0	1.0
./model.xml	obj	R_rxn05307_c0	0.0	optimal	-2.2898607338643533	0.0	1.0
./model.xml	obj	R_rxn05308_c0	0.0	optimal	-0.7632869112871178	0.0	1.0
./model.xml	obj	R_rxn05310_c0	0.0	optimal	-1.1449303669307789	0.0	1.0
./model.xml	obj	R_rxn05312_c0	0.0	optimal	-119.17012657366598	0.0	1.0
./model.xml	obj	R_rxn05313_c0	0.04910733798154617	optimal	0.0	58.52653764088624	1.0
./model.xml	obj	R_rxn05315_c0	-0.0002	optimal	-0.0002	58.51641231358848	1.0
./model.xml	obj	R_rxn05319_c0	21.078744818648968	optimal	15.997878822379008	100.0	1.0
./model.xml	obj	R_rxn05322_c0	-0.00294573972022043	optimal	-0.00294573972022043	-0.0029457397202204295	1.0
./model.xml	obj	R_rxn05323_c0	5.095750210681871e-18	optimal	5.095750210681871e-18	5.204170427930421e-18	1.0
./model.xml	obj	R_rxn05324_c0	-0.00294573972022043	optimal	-0.00294573972022043	-0.0029457397202204295	1.0
./model.xml	obj	R_rxn05325_c0	-0.00294573972022043	optimal	-0.00294573972022043	-0.0029457397202204295	1.0
./model.xml	obj	R_rxn05326_c0	-0.00294573972022043	optimal	-0.00294573972022043	-0.0029457397202204295	1.0
./model.xml	obj	R_rxn05327_c0	-0.00294573972022043	optimal	-0.00294573972022043	-0.0029457397202204295	1.0
./model.xml	obj	R_rxn05328_c0	0.0	optimal	0.0	0.0	1.0
./model.xml	obj	R_rxn05329_c0	0.00294573972022043	optimal	0.0029457397202204295	0.00294573972022043	1.0
./model.xml	obj	R_rxn05330_c0	0.00294573972022043	optimal	0.0029457397202204295	0.00294573972022043	1.0
./model.xml	obj	R_rxn05331_c0	0.00294573972022043	optimal	0.0029457397202204295	0.00294573972022043	1.0
./model.xml	obj	R_rxn05332_c0	0.0	optimal	0.0	0.0	1.0
./model.xml	obj	R_rxn05333_c0	0.00294573972022043	optimal	0.0029457397202204295	0.00294573972022043	1.0
./model.xml	obj	R_rxn05334_c0	0.00294573972022043	optimal	0.0029457397202204295	0.00294573972022043	1.0
./model.xml	obj	R_rxn05336_c0	0.0	optimal	0.0	0.0	1.0
./model.xml	obj	R_rxn05337_c0	-0.00294573972022043	optimal	-0.00294573972022043	-0.0029457397202204295	1.0
./model.xml	obj	R_rxn05338_c0	-0.00294573972022043	optimal	-0.00294573972022043	-0.00294573972022043	1.0
./model.xml	obj	R_rxn05339_c0	-0.00294573972022043	optimal	-0.00294573972022043	-0.0029457397202204295	1.0
./model.xml	obj	R_rxn05340_c0	-0.00294573972022043	optimal	-0.00294573972022043	-0.0029457397202204295	1.0
./model.xml	obj	R_rxn05341_c0	-0.00294573972022043	optimal	-0.00294573972022043	-0.0029457397202204295	1.0
./model.xml	obj	R_rxn05342_c0	-0.002356591776176344	optimal	-0.002356591776176344	-0.0023565917761763436	1.0
./model.xml	obj	R_rxn05343_c0	0.00294573972022043	optimal	0.0029457397202204295	0.00294573972022043	1.0
./model.xml	obj	R_rxn05344_c0	0.0	optimal	0.0	0.0	1.0
./model.xml	obj	R_rxn05345_c0	0.002356591776176344	optimal	0.0023565917761763436	0.002356591776176344	1.0
./model.xml	obj	R_rxn05346_c0	0.00294573972022043	optimal	0.0029457397202204295	0.00294573972022043	1.0
./model.xml	obj	R_rxn05347_c0	0.0	optimal	0.0	0.01411626885618828	1.0
./model.xml	obj	R_rxn05348_c0	0.00294573972022043	optimal	0.0029457397202204295	0.00294573972022043	1.0
./model.xml	obj	R_rxn05349_c0	0.0	optimal	0.0	0.01411626885618828	1.0
./model.xml	obj	R_rxn05350_c0	0.00294573972022043	optimal	0.0029457397202204295	0.00294573972022043	1.0
./model.xml	obj	R_rxn05360_c0	0.0	optimal	0.0	0.0	1.0
./model.xml	obj	R_rxn05361_c0	0.0	optimal	0.0	0.0	1.0
./model.xml	obj	R_rxn05364_c0	0.0	optimal	0.0	0.0	1.0
./model.xml	obj	R_rxn05368_c0	0.0	optimal	0.0	0.0	1.0
./model.xml	obj	R_rxn05372_c0	0.0	optimal	0.0	0.0	1.0
./model.xml	obj	R_rxn05373_c0	0.0	optimal	0.0	0.0	1.0
./model.xml	obj	R_rxn05376_c0	0.0	optimal	0.0	0.0	1.0
./model.xml	obj	R_rxn05380_c0	0.0	optimal	0.0	0.0	1.0
./model.xml	obj	R_rxn05381_c0	0.0	optimal	0.0	0.0	1.0
./model.xml	obj	R_rxn05385_c0	0.0	optimal	0.0	0.0	1.0
./model.xml	obj	R_rxn05386_c0	0.0	optimal	0.0	0.0	1.0
./model.xml	obj	R_rxn05389_c0	0.0	optimal	0.0	0.0	1.0
./model.xml	obj	R_rxn05390_c0	0.0	optimal	0.0	0.0	1.0
./model.xml	obj	R_rxn05393_c0	0.0	optimal	0.0	0.0	1.0
./model.xml	obj	R_rxn05398_c0	0.0	optimal	0.0	0.0	1.0
./model.xml	obj	R_rxn05401_c0	0.0	optimal	0.0	0.0	1.0
./model.xml	obj	R_rxn05405_c0	0.0	optimal	0.0	0.0	1.0
./model.xml	obj	R_rxn05406_c0	0.0	optimal	0.0	0.0	1.0
./model.xml	obj	R_rxn05410_c0	0.0	optimal	0.0	0.0	1.0
./model.xml	obj	R_rxn05414_c0	0.0	optimal	0.0	0.0	1.0
./model.xml	obj	R_rxn05418_c0	0.0	optimal	0.0	0.0	1.0
./model.xml	obj	R_rxn05422_c0	0.0	optimal	0.0	0.0	1.0
./model.xml	obj	R_rxn05426_c0	0.0	optimal	0.0	0.0	1.0
./model.xml	obj	R_rxn05430_c0	0.0	optimal	0.0	0.0	1.0
./model.xml	obj	R_rxn05433_c0	0.0	optimal	0.0	0.0	1.0
./model.xml	obj	R_rxn05434_c0	0.0	optimal	0.0	0.0	1.0
./model.xml	obj	R_rxn05435_c0	0.0	optimal	0.0	0.0	1.0
./model.xml	obj	R_rxn05436_c0	0.0	optimal	0.0	0.0	1.0
./model.xml	obj	R_rxn05437_c0	0.0	optimal	0.0	0.0	1.0
./model.xml	obj	R_rxn05438_c0	0.0	optimal	0.0	0.0	1.0
./model.xml	obj	R_rxn05439_c0	0.0	optimal	0.0	0.0	1.0
./model.xml	obj	R_rxn05440_c0	0.0	optimal	0.0	0.0	1.0
./model.xml	obj	R_rxn05441_c0	0.0	optimal	0.0	0.0	1.0
./model.xml	obj	R_rxn05442_c0	0.0	optimal	0.0	0.0	1.0
./model.xml	obj	R_rxn05443_c0	0.0	optimal	0.0	0.0	1.0
./model.xml	obj	R_rxn05444_c0	0.0	optimal	0.0	0.0	1.0
./model.xml	obj	R_rxn05445_c0	0.0	optimal	0.0	0.0	1.0
./model.xml	obj	R_rxn05446_c0	0.0	optimal	0.0	0.0	1.0
./model.xml	obj	R_rxn05447_c0	0.0	optimal	0.0	0.0	1.0
./model.xml	obj	R_rxn05448_c0	0.0	optimal	0.0	0.0	1.0
./model.xml	obj	R_rxn05449_c0	0.0	optimal	0.0	0.0	1.0
./model.xml	obj	R_rxn05450_c0	0.0	optimal	0.0	0.0	1.0
./model.xml	obj	R_rxn05457_c0	-0.0005891479440440911	optimal	-0.0005891479440440912	-0.0005891479440440911	1.0
./model.xml	obj	R_rxn05458_c0	0.0	optimal	0.0	0.0	1.0
./model.xml	obj	R_rxn05459_c0	0.0	optimal	0.0	0.0	1.0
./model.xml	obj	R_rxn05460_c0	0.0	optimal	0.0	0.0	1.0
./model.xml	obj	R_rxn05461_c0	0.0	optimal	0.0	0.0	1.0
./model.xml	obj	R_rxn05462_c0	0.0	optimal	0.0	0.0	1.0
./model.xml	obj	R_rxn05465_c0	0.10704952346502129	optimal	0.10704952346502129	0.5406896442301519	1.0
./model.xml	obj	R_rxn05466_c0	0.3	optimal	-12.426141024809057	0.3	1.0
./model.xml	obj	R_rxn05467_c0	3.1304177984172554	optimal	3.130417798416749	9.999999999999174	1.0
./model.xml	obj	R_rxn05468_c0	0.0	optimal	0.0	9.999999999999943	1.0
./model.xml	obj	R_rxn05496_c0	0.0	optimal	-2.2898607338606567	0.0	1.0
./model.xml	obj	R_rxn05508_c0	0.0	optimal	-1.717395550398282	0.0	1.0
./model.xml	obj	R_rxn05514_c0	-0.0002	optimal	-0.0002	-0.00019999999999999998	1.0
./model.xml	obj	R_rxn05516_c0	0.0	optimal	0.0	64.26412484228395	1.0
./model.xml	obj	R_rxn05517_c0	0.0	optimal	-64.26412484220924	0.0	1.0
./model.xml	obj	R_rxn05527_c0	0.0	optimal	0.0	0.0	1.0
./model.xml	obj	R_rxn05528_c0	0.0	optimal	0.0	32.1320624211065	1.0
./model.xml	obj	R_rxn05533_c0	0.0	optimal	0.0	0.0	1.0
./model.xml	obj	R_rxn05534_c0	0.0	optimal	0.0	0.0	1.0
./model.xml	obj	R_rxn05535_c0	0.0	optimal	0.0	0.0	1.0
./model.xml	obj	R_rxn05536_c0	0.0	optimal	0.0	0.0	1.0
./model.xml	obj	R_rxn05537_c0	0.0	optimal	0.0	0.0	1.0
./model.xml	obj	R_rxn05538_c0	0.0	optimal	0.0	0.0	1.0
./model.xml	obj	R_rxn05539_c0	0.0	optimal	0.0	0.0	1.0
./model.xml	obj	R_rxn05540_c0	0.0	optimal	0.0	0.0	1.0
./model.xml	obj	R_rxn05541_c0	0.0	optimal	0.0	0.0	1.0
./model.xml	obj	R_rxn05542_c0	0.0	optimal	0.0	0.0	1.0
./model.xml	obj	R_rxn05543_c0	0.0	optimal	0.0	0.0	1.0
./model.xml	obj	R_rxn05544_c0	0.0	optimal	0.0	0.0	1.0
./model.xml	obj	R_rxn05545_c0	0.0	optimal	0.0	0.0	1.0
./model.xml	obj	R_rxn05546_c0	0.0	optimal	0.0	0.0	1.0
./model.xml	obj	R_rxn05547_c0	0.0	optimal	0.0	0.0	1.0
./model.xml	obj	R_rxn05557_c0	0.0008	optimal	0.0	0.1	1.0
./model.xml	obj	R_rxn05582_c0	0.0	optimal	-1000.0	1000.0	1.0
./model.xml	obj	R_rxn05602_c0	0.0	optimal	-2.28986073385878	0.0	1.0
./model.xml	obj	R_rxn05608_c0	0.0	optimal	0.0	0.0	1.0
./model.xml	obj	R_rxn05616_c0	-0.00019999999999999998	optimal	-0.00020000000000000004	64.26392484221981	1.0
./model.xml	obj	R_rxn05627_c0	0.3054402080140527	optimal	0.3054402080135735	13.816676341581635	1.0
./model.xml	obj	R_rxn05638_c0	0.0	optimal	-1.3739164403174156	0.0	1.0
./model.xml	obj	R_rxn05645_c0	0.0	optimal	-0.7632869112872611	0.0	1.0
./model.xml	obj	R_rxn05651_c0	0.010906586156579683	optimal	-64.25321825598542	0.3	1.0
./model.xml	obj	R_rxn05652_c0	0.0	optimal	0.0	58.51661231354866	1.0
./model.xml	obj	R_rxn05655_c0	0.0	optimal	-0.5724651834648864	0.0	1.0
./model.xml	obj	R_rxn05663_c0	0.0	optimal	-0.6245074728710884	0.0	1.0
./model.xml	obj	R_rxn05669_c0	0.0	optimal	-64.26412484218484	0.0	1.0
./model.xml	obj	R_rxn05687_c0	0.0	optimal	-64.26412484220585	0.0	1.0
./model.xml	obj	R_rxn05733_c0	0.0	optimal	0.0	0.0	1.0
./model.xml	obj	R_rxn05734_c0	0.0	optimal	0.0	0.0	1.0
./model.xml	obj	R_rxn05735_c0	0.0	optimal	0.0	0.0	1.0
./model.xml	obj	R_rxn05736_c0	0.0005891479440440911	optimal	0.0005891479440440911	0.0005891479440440912	1.0
./model.xml	obj	R_rxn05740_c0	0.0	optimal	0.0	1000.0	1.0
./model.xml	obj	R_rxn05744_c0	0.0005891479440440911	optimal	0.0005891479440440911	0.0005891479440440911	1.0
./model.xml	obj	R_rxn05746_c0	-0.014614496025064561	optimal	-0.30084708775807856	-0.01461449602504672	1.0
./model.xml	obj	R_rxn05893_c0	3.1935289237048896	optimal	-13.816676341590961	999.6945597919902	1.0
./model.xml	obj	R_rxn05902_c0	-0.010706586156579684	optimal	-0.29980000000000007	-0.01070658615657969	1.0
./model.xml	obj	R_rxn05937_c0	15.88296986321757	optimal	15.882969863186407	152.10704759716447	1.0
./model.xml	obj	R_rxn06023_c0	0.0002	optimal	0.00019999999999999998	0.0002	1.0
./model.xml	obj	R_rxn06077_c0	0.0	optimal	0.0	0.0	1.0
./model.xml	obj	R_rxn06299_c0	0.0	optimal	0.0	0.0	1.0
./model.xml	obj	R_rxn06377_c0	0.08828748940738337	optimal	0.08828748940725659	12.941112457850524	1.0
./model.xml	obj	R_rxn06445_c0	0.0	optimal	0.0	0.0	1.0
./model.xml	obj	R_rxn06493_c0	0.08828748940738337	optimal	0.08828748940773734	12.941112457849322	1.0
./model.xml	obj	R_rxn06591_c0	0.0032	optimal	0.0031999999999999997	1.8996664003753536	1.0
./model.xml	obj	R_rxn06600_c0	0.08828748940738337	optimal	0.08828748940609966	12.941112457851947	1.0
./model.xml	obj	R_rxn06672_c0	0.0	optimal	0.0	0.6335887649821592	1.0
./model.xml	obj	R_rxn06673_c0	0.0	optimal	0.0	0.6335887649821592	1.0
./model.xml	obj	R_rxn06723_c0	-0.001178295888088172	optimal	-0.001178295888088172	-0.0011782958880881718	1.0
./model.xml	obj	R_rxn06729_c0	0.001178295888088172	optimal	0.0011782958880881718	0.001178295888088172	1.0
./model.xml	obj	R_rxn06848_c0	-0.000589147944044086	optimal	-0.000589147944044086	-0.000589147944044086	1.0
./model.xml	obj	R_rxn06864_c0	0.0	optimal	0.0	0.0	1.0
./model.xml	obj	R_rxn06865_c0	-0.000589147944044086	optimal	-0.000589147944044086	-0.0005891479440440859	1.0
./model.xml	obj	R_rxn06937_c0	0.0032	optimal	0.0031999999999999997	1.8996664003662689	1.0
./model.xml	obj	R_rxn06979_c0	0.0	optimal	0.0	0.0	1.0
./model.xml	obj	R_rxn07341_c0	0.0004180624264278589	optimal	0.00041806242642785887	0.0004180624264278589	1.0
./model.xml	obj	R_rxn07342_c0	0.0004180624264278589	optimal	0.00041806242642785887	0.0004180624264278589	1.0
./model.xml	obj	R_rxn07343_c0	0.0004180624264278589	optimal	0.00041806242642785887	0.0004180624264278589	1.0
./model.xml	obj	R_rxn07436_c0	0.0	optimal	0.0	0.0	1.0
./model.xml	obj	R_rxn07441_c0	0.0	optimal	0.0	999.9860408635974	1.0
./model.xml	obj	R_rxn07466_c0	-0.000589147944044086	optimal	-0.000589147944044086	64.26353569424708	1.0
./model.xml	obj	R_rxn07584_c0	0.0	optimal	0.0	0.0	1.0
./model.xml	obj	R_rxn07586_c0	0.0	optimal	0.0	0.0	1.0
./model.xml	obj	R_rxn07587_c0	0.0	optimal	0.0	0.0	1.0
./model.xml	obj	R_rxn07588_c0	0.0	optimal	0.0	0.0	1.0
./model.xml	obj	R_rxn07589_c0	0.0	optimal	0.0	0.0	1.0
./model.xml	obj	R_rxn07976_c0	0.0	optimal	0.0	0.0	1.0
./model.xml	obj	R_rxn07977_c0	0.0	optimal	0.0	0.0	1.0
./model.xml	obj	R_rxn07979_c0	0.0	optimal	0.0	0.0	1.0
./model.xml	obj	R_rxn08015_c0	0.0	optimal	0.0	64.26412484220211	1.0
./model.xml	obj	R_rxn08017_c0	0.0	optimal	0.0	0.0	1.0
./model.xml	obj	R_rxn08020_c0	0.0	optimal	0.0	64.2641248422309	1.0
./model.xml	obj	R_rxn08021_c0	0.0	optimal	0.0	0.0	1.0
./model.xml	obj	R_rxn08040_c0	0.0	optimal	0.0	0.0	1.0
./model.xml	obj	R_rxn08043_c0	0.0	optimal	0.0	2.7040793763776065	1.0
./model.xml	obj	R_rxn08044_c0	0.0	optimal	0.0	0.0	1.0
./model.xml	obj	R_rxn08073_c0	0.0	optimal	0.0	0.0	1.0
./model.xml	obj	R_rxn08076_c0	0.0	optimal	0.0	0.0	1.0
./model.xml	obj	R_rxn08078_c0	0.0	optimal	0.0	0.0	1.0
./model.xml	obj	R_rxn08084_c0	0.0	optimal	0.0	0.0	1.0
./model.xml	obj	R_rxn08088_c0	0.011170529135967848	optimal	0.011170529135967848	0.01117052913596785	1.0
./model.xml	obj	R_rxn08089_c0	0.0	optimal	0.0	0.0	1.0
./model.xml	obj	R_rxn08098_c0	0.0	optimal	0.0	0.0	1.0
./model.xml	obj	R_rxn08123_c0	0.0	optimal	0.0	0.0	1.0
./model.xml	obj	R_rxn08124_c0	0.0	optimal	0.0	0.0	1.0
./model.xml	obj	R_rxn08126_c0	0.014614496025064561	optimal	0.014614496025064557	1000.0	1.0
./model.xml	obj	R_rxn08127_c0	0.014614496025064561	optimal	-999.9853855039748	1000.0	1.0
./model.xml	obj	R_rxn08128_c0	0.00294573972022043	optimal	-1000.0	1000.0	1.0
./model.xml	obj	R_rxn08129_c0	0.0	optimal	0.0	0.0	1.0
./model.xml	obj	R_rxn08130_c0	0.0002	optimal	0.0002	0.0002	1.0
./model.xml	obj	R_rxn08131_c0	0.00019999999999999185	optimal	0.00019999999999999987	0.0001999999999999999	1.0
./model.xml	obj	R_rxn08136_c0	0.0	optimal	0.0	0.0	1.0
./model.xml	obj	R_rxn08192_c0	0.0	optimal	0.0	0.0	1.0
./model.xml	obj	R_rxn08234_c0	-0.00019999999999999998	optimal	-0.00020000000000000004	-0.00019999999999999998	1.0
./model.xml	obj	R_rxn08241_c0	-0.0002	optimal	-0.00020000000000000004	-0.00019999999999999998	1.0
./model.xml	obj	R_rxn08294_c0	0.0	optimal	0.0	0.0	1.0
./model.xml	obj	R_rxn08295_c0	0.0	optimal	0.0	0.0	1.0
./model.xml	obj	R_rxn08296_c0	0.0	optimal	0.0	0.0	1.0
./model.xml	obj	R_rxn08297_c0	0.0	optimal	0.0	0.0	1.0
./model.xml	obj	R_rxn08298_c0	0.0	optimal	0.0	0.0	1.0
./model.xml	obj	R_rxn08299_c0	0.0	optimal	0.0	0.0	1.0
./model.xml	obj	R_rxn08300_c0	0.0	optimal	0.0	0.0	1.0
./model.xml	obj	R_rxn08306_c0	0.0	optimal	0.0	0.0	1.0
./model.xml	obj	R_rxn08307_c0	0.0	optimal	0.0	0.0	1.0
./model.xml	obj	R_rxn08308_c0	0.0	optimal	0.0	0.0	1.0
./model.xml	obj	R_rxn08309_c0	0.0	optimal	0.0	0.0	1.0
./model.xml	obj	R_rxn08310_c0	0.0	optimal	0.0	0.0	1.0
./model.xml	obj	R_rxn08311_c0	0.011170529135967848	optimal	0.011170529135967848	0.01117052913596785	1.0
./model.xml	obj	R_rxn08312_c0	0.0	optimal	0.0	0.0	1.0
./model.xml	obj	R_rxn08333_c0	0.0004	optimal	0.0003999999999999967	0.0003999999999999967	1.0
./model.xml	obj	R_rxn08335_c0	0.021599170073199447	optimal	0.0	0.02159917007304887	1.0
./model.xml	obj	R_rxn08336_c0	0.0	optimal	0.0	0.021599170073045574	1.0
./model.xml	obj	R_rxn08352_c0	0.014625126795907835	optimal	0.0	0.014625126795907818	1.0
./model.xml	obj	R_rxn08396_c0	0.0	optimal	0.0	0.0	1.0
./model.xml	obj	R_rxn08502_e0	0.0	optimal	0.0	0.0	1.0
./model.xml	obj	R_rxn08546_c0	0.0	optimal	0.0	64.26412484213829	1.0
./model.xml	obj	R_rxn08548_c0	0.0	optimal	0.0	64.26412484220697	1.0
./model.xml	obj	R_rxn08549_c0	0.0	optimal	0.0	0.0	1.0
./model.xml	obj	R_rxn08583_c0	0.000589147944044086	optimal	0.000589147944044086	0.000589147944044086	1.0
./model.xml	obj	R_rxn08615_c0	0.0	optimal	5.036217535995317e-15	1000.0	1.0
./model.xml	obj	R_rxn08618_c0	0.000589147944044086	optimal	0.000589147944044086	0.000589147944044086	1.0
./model.xml	obj	R_rxn08619_c0	0.000589147944044086	optimal	0.0005891479440440859	0.000589147944044086	1.0
./model.xml	obj	R_rxn08620_c0	0.000589147944044086	optimal	0.0005891479440440859	0.000589147944044086	1.0
./model.xml	obj	R_rxn08655_c0	0.0	optimal	0.0	0.3621569579781565	1.0
./model.xml	obj	R_rxn08656_c0	0.0	optimal	0.0	0.36215695797852876	1.0
./model.xml	obj	R_rxn08657_c0	0.0	optimal	0.0	0.3621569579785239	1.0
./model.xml	obj	R_rxn08661_c0	0.0	optimal	-1000.0	1000.0	1.0
./model.xml	obj	R_rxn08668_c0	0.0	optimal	0.0	0.0	1.0
./model.xml	obj	R_rxn08669_c0	0.0	optimal	0.0	0.0	1.0
./model.xml	obj	R_rxn08708_c0	0.000589147944044086	optimal	0.000589147944044086	0.000589147944044086	1.0
./model.xml	obj	R_rxn08709_c0	0.000589147944044086	optimal	0.0005891479440440859	0.000589147944044086	1.0
./model.xml	obj	R_rxn08710_c0	0.000589147944044086	optimal	0.0005891479440440859	0.000589147944044086	1.0
./model.xml	obj	R_rxn08711_c0	0.000589147944044086	optimal	0.0005891479440440859	0.000589147944044086	1.0
./model.xml	obj	R_rxn08712_c0	0.000589147944044086	optimal	0.0005891479440440859	0.000589147944044086	1.0
./model.xml	obj	R_rxn08713_c0	0.000589147944044086	optimal	0.0005891479440440859	0.000589147944044086	1.0
./model.xml	obj	R_rxn08715_c0	0.0	optimal	0.0	0.0	1.0
./model.xml	obj	R_rxn08734_c0	0.0016722497057114357	optimal	0.0016722497057114355	0.0016722497057114357	1.0
./model.xml	obj	R_rxn08762_c0	0.0	optimal	0.0	64.26412484223323	1.0
./model.xml	obj	R_rxn08766_c0	0.014116268856188278	optimal	0.0	0.01411626885618828	1.0
./model.xml	obj	R_rxn08796_c0	0.0	optimal	0.0	64.26412484224268	1.0
./model.xml	obj	R_rxn08797_c0	0.0	optimal	0.0	0.0	1.0
./model.xml	obj	R_rxn08798_c0	0.0	optimal	0.0	64.2641248422309	1.0
./model.xml	obj	R_rxn08799_c0	0.0	optimal	0.0	0.0	1.0
./model.xml	obj	R_rxn08800_c0	0.0	optimal	0.0	0.0	1.0
./model.xml	obj	R_rxn08801_c0	-0.011170529135967848	optimal	-0.011170529135967848	-0.011170529135967848	1.0
./model.xml	obj	R_rxn08802_c0	0.0	optimal	0.0	0.0	1.0
./model.xml	obj	R_rxn08803_c0	0.0	optimal	0.0	0.0	1.0
./model.xml	obj	R_rxn08804_c0	0.0	optimal	0.0	0.0	1.0
./model.xml	obj	R_rxn08805_c0	0.0	optimal	0.0	0.0	1.0
./model.xml	obj	R_rxn08806_c0	0.0	optimal	0.0	0.0	1.0
./model.xml	obj	R_rxn08807_c0	0.0	optimal	0.0	0.0	1.0
./model.xml	obj	R_rxn08808_c0	0.011170529135967848	optimal	0.011170529135967848	0.01117052913596785	1.0
./model.xml	obj	R_rxn08809_c0	-0.011170529135967848	optimal	-0.01117052913596785	-0.011170529135967848	1.0
./model.xml	obj	R_rxn08810_c0	0.0	optimal	0.0	0.0	1.0
./model.xml	obj	R_rxn08811_c0	0.0	optimal	0.0	0.0	1.0
./model.xml	obj	R_rxn08812_c0	0.0	optimal	0.0	0.0	1.0
./model.xml	obj	R_rxn08813_c0	0.0	optimal	0.0	0.0	1.0
./model.xml	obj	R_rxn08814_c0	0.0	optimal	0.0	0.0	1.0
./model.xml	obj	R_rxn08815_c0	0.0	optimal	0.0	0.0	1.0
./model.xml	obj	R_rxn08816_c0	0.0	optimal	0.0	0.0	1.0
./model.xml	obj	R_rxn08817_c0	0.0	optimal	0.0	0.0	1.0
./model.xml	obj	R_rxn08818_c0	0.0	optimal	0.0	0.0	1.0
./model.xml	obj	R_rxn08819_c0	0.0	optimal	0.0	0.0	1.0
./model.xml	obj	R_rxn08820_c0	0.0	optimal	0.0	0.0	1.0
./model.xml	obj	R_rxn08821_c0	0.0	optimal	0.0	0.0	1.0
./model.xml	obj	R_rxn08822_c0	0.0	optimal	0.0	0.0	1.0
./model.xml	obj	R_rxn08823_c0	0.0	optimal	0.0	0.0	1.0
./model.xml	obj	R_rxn08838_c0	0.0	optimal	0.0	0.0	1.0
./model.xml	obj	R_rxn08839_c0	0.0	optimal	0.0	0.0	1.0
./model.xml	obj	R_rxn08840_c0	0.0	optimal	0.0	0.0	1.0
./model.xml	obj	R_rxn08841_c0	0.0	optimal	0.0	0.0	1.0
./model.xml	obj	R_rxn08842_c0	0.0	optimal	0.0	0.0	1.0
./model.xml	obj	R_rxn08843_c0	0.0	optimal	0.0	0.0	1.0
./model.xml	obj	R_rxn08844_c0	0.0	optimal	0.0	0.0	1.0
./model.xml	obj	R_rxn08845_c0	0.0	optimal	0.0	0.0	1.0
./model.xml	obj	R_rxn08846_c0	0.0	optimal	0.0	0.0	1.0
./model.xml	obj	R_rxn08847_c0	0.0	optimal	0.0	0.0	1.0
./model.xml	obj	R_rxn08848_c0	0.0	optimal	0.0	0.0	1.0
./model.xml	obj	R_rxn08849_c0	0.0	optimal	0.0	0.0	1.0
./model.xml	obj	R_rxn08850_c0	0.0	optimal	0.0	0.0	1.0
./model.xml	obj	R_rxn08851_c0	0.0	optimal	0.0	0.0	1.0
./model.xml	obj	R_rxn08869_c0	0.0	optimal	0.0	0.0	1.0
./model.xml	obj	R_rxn08890_c0	0.0	optimal	0.0	0.0	1.0
./model.xml	obj	R_rxn08893_c0	0.0	optimal	0.0	0.0	1.0
./model.xml	obj	R_rxn08895_c0	0.0	optimal	0.0	0.0	1.0
./model.xml	obj	R_rxn08898_c0	0.0	optimal	0.0	0.0	1.0
./model.xml	obj	R_rxn08924_c0	0.0	optimal	0.0	64.264124842217	1.0
./model.xml	obj	R_rxn08941_c0	0.0	optimal	-1000.0	999.9853855039751	1.0
./model.xml	obj	R_rxn08942_c0	0.00294573972022043	optimal	-1000.0	1000.0	1.0
./model.xml	obj	R_rxn08954_c0	0.000589147944044086	optimal	0.0005891479440440859	0.000589147944044086	1.0
./model.xml	obj	R_rxn08971_c0	0.0	optimal	0.0	13.793204921815796	1.0
./model.xml	obj	R_rxn08975_c0	0.0	optimal	0.0	13.793204921814283	1.0
./model.xml	obj	R_rxn08976_c0	0.0	optimal	0.0	41.80466974348447	1.0
./model.xml	obj	R_rxn08977_c0	0.0	optimal	0.0	13.793204921815045	1.0
./model.xml	obj	R_rxn08978_c0	0.0	optimal	0.0	13.793204921812283	1.0
./model.xml	obj	R_rxn08979_c0	0.4062095950525907	optimal	0.0	41.804669743478	1.0
./model.xml	obj	R_rxn08981_c0	0.0	optimal	0.0	64.26412484223809	1.0
./model.xml	obj	R_rxn09001_c0	0.3052402080140527	optimal	0.0016722497057014346	13.816476341575555	1.0
./model.xml	obj	R_rxn09003_c0	0.0002	optimal	0.0002	13.815004091883317	1.0
./model.xml	obj	R_rxn09014_c0	0.0	optimal	0.0	64.26412484217208	1.0
./model.xml	obj	R_rxn09106_c0	0.008377896851975887	optimal	0.008377896851975887	0.008377896851975888	1.0
./model.xml	obj	R_rxn09113_c0	0.008377896851975887	optimal	0.008377896851975887	0.008377896851975888	1.0
./model.xml	obj	R_rxn09176_c0	-0.5547758906420582	optimal	-1000.0	1000.0	1.0
./model.xml	obj	R_rxn09177_c0	0.0	optimal	0.0	0.0004000000000000878	1.0
./model.xml	obj	R_rxn09188_c0	-10.806013558274508	optimal	-85.5866957673067	-9.21616200440669	1.0
./model.xml	obj	R_rxn09202_c0	0.002792632283991962	optimal	0.002792632283991962	0.0027926322839919625	1.0
./model.xml	obj	R_rxn09210_c0	0.002792632283991962	optimal	0.002792632283991962	0.0027926322839919625	1.0
./model.xml	obj	R_rxn09225_c0	0.000589147944044086	optimal	0.000589147944044086	0.000589147944044086	1.0
./model.xml	obj	R_rxn09272_c0	0.0	optimal	0.0	0.0	1.0
./model.xml	obj	R_rxn09295_c0	0.0	optimal	0.0	58.52653764090873	1.0
./model.xml	obj	R_rxn09296_c0	0.000999999999999556	optimal	0.0003999999996641164	23.012599999999587	1.0
./model.xml	obj	R_rxn09310_c0	0.00020000000000000226	optimal	0.0001999999999999999	0.0001999999999999999	1.0
./model.xml	obj	R_rxn09359_c0	0.0	optimal	0.0	0.0	1.0
./model.xml	obj	R_rxn09399_c0	0.014614496025064561	optimal	0.01461449602506456	0.3008470877584841	1.0
./model.xml	obj	R_rxn09448_c0	0.0	optimal	0.0	0.0	1.0
./model.xml	obj	R_rxn09449_c0	0.0	optimal	0.0	0.0	1.0
./model.xml	obj	R_rxn09450_c0	0.0	optimal	0.0	0.0	1.0
./model.xml	obj	R_rxn09562_c0	0.0	optimal	-999.9887652783369	1000.0	1.0
./model.xml	obj	R_rxn09657_c0	0.0	optimal	0.0	0.0	1.0
./model.xml	obj	R_rxn09672_c0	0.0	optimal	-0.2890934138434234	0.0	1.0
./model.xml	obj	R_rxn09678_c0	0.0	optimal	-64.26412484220948	0.0	1.0
./model.xml	obj	R_rxn09690_c0	0.0	optimal	-0.28909341384347054	0.0	1.0
./model.xml	obj	R_rxn09693_c0	0.0	optimal	-64.26412484218545	0.0	1.0
./model.xml	obj	R_rxn09696_c0	0.0	optimal	-0.2890934138434204	0.0	1.0
./model.xml	obj	R_rxn09996_c0	0.0	optimal	0.0	0.0	1.0
./model.xml	obj	R_rxn10030_c0	0.011170529135967848	optimal	0.011170529135967848	0.01117052913596785	1.0
./model.xml	obj	R_rxn10043_c0	0.0	optimal	0.0	0.0	1.0
./model.xml	obj	R_rxn10052_c0	0.0	optimal	-999.8638989945305	1000.0	1.0
./model.xml	obj	R_rxn10060_c0	0.00019999999999957454	optimal	0.0	999.9973997013212	1.0
./model.xml	obj	R_rxn10122_c0	0.2819687882351418	optimal	0.0	13.793204921811459	1.0
./model.xml	obj	R_rxn10123_c0	0.0	optimal	0.0	13.793204921812437	1.0
./model.xml	obj	R_rxn10124_c0	-0.40640959505259067	optimal	-41.80486974345352	-0.0001999999999748852	1.0
./model.xml	obj	R_rxn10194_c0	0.0	optimal	0.0	0.0	1.0
./model.xml	obj	R_rxn10195_c0	0.0	optimal	0.0	0.0	1.0
./model.xml	obj	R_rxn10196_c0	0.0	optimal	0.0	0.0	1.0
./model.xml	obj	R_rxn10199_c0	0.000589147944044086	optimal	0.000589147944044086	0.000589147944044086	1.0
./model.xml	obj	R_rxn10220_c0	0.0	optimal	0.0	0.0	1.0
./model.xml	obj	R_rxn10221_c0	0.0	optimal	0.0	0.0	1.0
./model.xml	obj	R_rxn10222_c0	0.0	optimal	0.0	0.0	1.0
./model.xml	obj	R_rxn10223_c0	0.0	optimal	0.0	0.0	1.0
./model.xml	obj	R_rxn10224_c0	0.0	optimal	0.0	0.0	1.0
./model.xml	obj	R_rxn10225_c0	0.0	optimal	0.0	0.0	1.0
./model.xml	obj	R_rxn10253_c0	0.0	optimal	0.0	0.0	1.0
./model.xml	obj	R_rxn10254_c0	0.0	optimal	0.0	0.0	1.0
./model.xml	obj	R_rxn10255_c0	0.0	optimal	0.0	0.0	1.0
./model.xml	obj	R_rxn10256_c0	0.0	optimal	0.0	0.0	1.0
./model.xml	obj	R_rxn10257_c0	0.0	optimal	0.0	0.0	1.0
./model.xml	obj	R_rxn10258_c0	0.0	optimal	0.0	0.0	1.0
./model.xml	obj	R_rxn10307_c0	0.0	optimal	0.0	0.0	1.0
./model.xml	obj	R_rxn10308_c0	0.0	optimal	0.0	0.0	1.0
./model.xml	obj	R_rxn10309_c0	0.0	optimal	0.0	0.0	1.0
./model.xml	obj	R_rxn10312_c0	0.0	optimal	0.0	0.0	1.0
./model.xml	obj	R_rxn10313_c0	0.0	optimal	0.0	0.0	1.0
./model.xml	obj	R_rxn10314_c0	0.0	optimal	0.0	0.0	1.0
./model.xml	obj	R_rxn10315_c0	0.0	optimal	0.0	0.0	1.0
./model.xml	obj	R_rxn10336_c0	0.002792632283991962	optimal	0.002792632283991962	0.0027926322839919625	1.0
./model.xml	obj	R_rxn10344_c0	0.0	optimal	0.0	0.0	1.0
./model.xml	obj	R_rxn10348_c0	-0.014614496025064561	optimal	-0.3008470877580964	-0.01461449602504672	1.0
./model.xml	obj	R_rxn10481_c0	0.0002	optimal	0.00019999999999999998	32.13226242112045	1.0
./model.xml	obj	R_rxn10484_c0	0.013959136376761518	optimal	0.013959136376761517	1000.0	1.0
./model.xml	obj	R_rxn10504_c0	0.0006000000000000001	optimal	0.0	0.7638869112888507	1.0
./model.xml	obj	R_rxn10506_c0	0.0006000000000000001	optimal	0.0	0.7638869112871491	1.0
./model.xml	obj	R_rxn10570_c0	-0.0002	optimal	-0.1447467069217102	-0.00019999999999999998	1.0
./model.xml	obj	R_rxn10770_c0	0.0	optimal	0.0	0.0	1.0
./model.xml	obj	R_rxn10954_c0	0.011170529135967848	optimal	0.011170529135967848	0.01117052913596785	1.0
./model.xml	obj	R_rxn11040_c0	0.0	optimal	0.0	21.421374947370467	1.0
./model.xml	obj	R_rxn11268_c0	0.0	optimal	-0.07544633100966619	0.0	1.0
./model.xml	obj	R_rxn11279_c0	0.0006000000000000001	optimal	0.0005999999999999779	0.7638869112883526	1.0
./model.xml	obj	R_rxn11573_c0	-0.0004180624264278589	optimal	-0.0004180624264278589	-0.00041806242642785887	1.0
./model.xml	obj	R_rxn11663_c0	0.0	optimal	0.0	0.0	1.0
./model.xml	obj	R_rxn11676_c0	0.1608861630257324	optimal	0.16088616302557257	25.86653609991077	1.0
./model.xml	obj	R_rxn11702_c0	0.0004	optimal	0.0004	0.0004	1.0
./model.xml	obj	R_rxn11703_c0	0.0004	optimal	0.00039999999999999996	0.00040000000000000013	1.0
./model.xml	obj	R_rxn11946_c0	0.00020000000000000226	optimal	0.00019999999999999987	0.0001999999999999999	1.0
./model.xml	obj	R_rxn12008_c0	-0.0006000000000000022	optimal	-0.0006000000000000022	-0.0006000000000000022	1.0
./model.xml	obj	R_rxn12225_c0	0.00010000000000000113	optimal	9.999999999999994e-05	9.999999999999995e-05	1.0
./model.xml	obj	R_rxn12239_c0	0.00020000000000000226	optimal	0.00019999999999999987	0.00019999999999999987	1.0
./model.xml	obj	R_rxn12510_c0	0.0004000000000000006	optimal	0.0003999999999999837	0.0004000000000000115	1.0
./model.xml	obj	R_rxn12512_c0	0.0004000000000000006	optimal	0.0	0.0004000000000000115	1.0
./model.xml	obj	R_rxn12633_c0	0.0	optimal	0.0	0.0	1.0
./model.xml	obj	R_rxn12634_c0	0.0	optimal	0.0	0.0	1.0
./model.xml	obj	R_rxn12635_c0	0.0	optimal	0.0	0.0	1.0
./model.xml	obj	R_rxn12636_c0	0.0	optimal	0.0	0.0	1.0
./model.xml	obj	R_rxn12637_c0	0.0	optimal	0.0	0.0	1.0
./model.xml	obj	R_rxn12638_c0	0.0	optimal	0.0	0.0	1.0
./model.xml	obj	R_rxn12639_c0	0.0	optimal	0.0	0.0	1.0
./model.xml	obj	R_rxn12640_c0	0.0	optimal	0.0	0.0	1.0
./model.xml	obj	R_rxn12641_c0	0.0	optimal	0.0	0.0	1.0
./model.xml	obj	R_rxn12642_c0	0.0	optimal	0.0	0.0	1.0
./model.xml	obj	R_rxn12643_c0	0.0	optimal	0.0	0.0	1.0
./model.xml	obj	R_rxn12644_c0	0.0	optimal	0.0	0.0	1.0
./model.xml	obj	R_rxn12645_c0	0.0	optimal	0.0	0.0	1.0
./model.xml	obj	R_rxn12646_c0	0.0	optimal	0.0	0.0	1.0
./model.xml	obj	R_rxn12666_c0	0.0	optimal	0.0	0.0	1.0
./model.xml	obj	R_rxn12822_c0	0.14546068264433862	optimal	-1000.0	1000.0	1.0
./model.xml	obj	R_rxn12844_c0	0.0	optimal	0.0	0.0	1.0
./model.xml	obj	R_rxn12845_c0	0.0	optimal	0.0	0.0	1.0
./model.xml	obj	R_rxn12846_c0	0.0	optimal	0.0	0.0	1.0
./model.xml	obj	R_rxn12847_c0	0.0	optimal	0.0	0.0	1.0
./model.xml	obj	R_rxn12848_c0	0.0	optimal	0.0	0.0	1.0
./model.xml	obj	R_rxn12849_c0	0.0	optimal	0.0	0.0	1.0
./model.xml	obj	R_rxn12850_c0	0.0	optimal	0.0	0.0	1.0
./model.xml	obj	R_rxn12851_c0	0.0	optimal	0.0	0.0	1.0
./model.xml	obj	R_rxn12868_c0	0.0002	optimal	0.00019999999999999998	0.14474670692172703	1.0
./model.xml	obj	R_rxn13741_c0	0.0	optimal	0.0	13.793204921812006	1.0
./model.xml	obj	R_rxn13782_c0	0.06948999999999994	optimal	0.06948999999999994	0.06948999999999995	1.0
./model.xml	obj	R_rxn13783_c0	0.06948999999999994	optimal	0.06948999999999994	0.06948999999999995	1.0
./model.xml	obj	R_rxn13784_c0	0.06948999999999994	optimal	0.06948999999999994	0.06948999999999995	1.0
./model.xml	obj	R_rxn13892_c0	0.0	optimal	0.0	0.0	1.0
./model.xml	obj	R_rxn14070_c0	0.014625126795907835	optimal	0.014625126795907807	0.014625126795907807	1.0
./model.xml	obj	R_rxn14270_c0	0.0	optimal	0.0	0.0	1.0
./model.xml	obj	R_rxn15167_c0	0.0	optimal	0.0	0.0	1.0
./model.xml	obj	R_rxn15699_c0	0.0	optimal	0.0	0.0	1.0
./model.xml	obj	R_rxn15947_c0	0.0002	optimal	0.00019999999999999998	0.9815688859418968	1.0
./model.xml	obj	R_rxn15949_c0	0.0002	optimal	0.00019999999999999998	0.9815688859447697	1.0
./model.xml	obj	R_rxn16108_c0	0.0006000000000000022	optimal	0.0005999999999999998	0.0006000000000000001	1.0
./model.xml	obj	R_rxn16503_c0	0.0	optimal	0.0	0.0	1.0
./model.xml	obj	R_rxn16565_c0	0.0	optimal	0.0	0.0	1.0
./model.xml	obj	R_rxn16573_c0	0.0002	optimal	0.00019999999999999998	0.14474670692210326	1.0
./model.xml	obj	R_rxn16583_c0	0.0	optimal	0.0	0.0	1.0
./model.xml	obj	R_rxn16592_c0	0.0	optimal	0.0	0.0	1.0
./model.xml	obj	R_rxn16593_c0	0.0	optimal	0.0	0.0	1.0
./model.xml	obj	R_rxn16594_c0	0.0	optimal	0.0	0.0	1.0
./model.xml	obj	R_rxn16839_c0	0.0	optimal	0.0	0.0	1.0
./model.xml	obj	R_rxn17731_c0	0.0	optimal	0.0	0.0	1.0
./model.xml	obj	R_rxn19006_c0	0.0	optimal	0.0	0.0	1.0
./model.xml	obj	R_rxn20643_c0	0.0	optimal	0.0	0.0	1.0
./model.xml	obj	R_rxn21729_c0	0.0	optimal	0.0	0.0	1.0
./model.xml	obj	R_rxn21857_c0	0.0002	optimal	0.00019999999999999998	0.14474670692171018	1.0
./model.xml	obj	R_rxn21858_c0	0.0002	optimal	0.00019999999999999998	0.14474670692171018	1.0
./model.xml	obj	R_rxn21859_c0	0.0002	optimal	0.00019999999999999998	0.14474670692171018	1.0
./model.xml	obj	R_rxn21860_c0	0.0002	optimal	0.00019999999999999998	0.14474670692171016	1.0
./model.xml	obj	R_rxn21861_c0	0.0002	optimal	0.00019999999999999998	0.14474670692172703	1.0
./model.xml	obj	R_rxn21862_c0	0.0002	optimal	0.00019999999999999998	0.14474670692189465	1.0
./model.xml	obj	R_rxn21863_c0	0.0002	optimal	0.00019999999999999998	0.14474670692171043	1.0
./model.xml	obj	R_rxn21864_c0	0.0002	optimal	0.0002	0.14474670692171018	1.0
./model.xml	obj	R_rxn23042_c0	-1.0408340855860843e-17	optimal	0.0	0.0	1.0
./model.xml	obj	R_rxn23043_c0	0.0	optimal	0.0	0.0	1.0
./model.xml	obj	R_rxn23045_c0	0.0	optimal	-2.42861286636753e-17	-2.42861286636753e-17	1.0
./model.xml	obj	R_rxn23336_c0	0.0	optimal	0.0	0.0	1.0
./model.xml	obj	R_rxn23589_c0	0.0	optimal	0.0	0.0	1.0
./model.xml	obj	R_rxn24134_c0	0.0	optimal	0.0	0.0	1.0
./model.xml	obj	R_rxn24718_c0	0.0	optimal	0.0	0.0	1.0
./model.xml	obj	R_rxn24830_c0	0.0	optimal	0.0	0.0	1.0
./model.xml	obj	R_rxn26021_c0	0.0	optimal	0.0	0.0	1.0
./model.xml	obj	R_rxn26127_c0	0.0	optimal	0.0	999.985385503975	1.0
./model.xml	obj	R_rxn27289_c0	0.0	optimal	-1.0842021724855044e-18	1.0842021724855044e-19	1.0
./model.xml	obj	R_rxn37060_c0	0.0	optimal	0.0	0.0	1.0
./model.xml	obj	R_rxn39434__DASH__c0_c0	0.0	optimal	0.0	0.0	1.0
./model.xml	obj	R_rxn39451__DASH__c0_c0	0.0	optimal	-1000.0	1000.0	1.0
./model.xml	obj	R_rxn39452__DASH__c0_c0	0.0	optimal	-1000.0	1000.0	1.0
./model.xml	obj	R_rxn39860__DASH__c0_c0	0.0	optimal	0.0	0.0	1.0
./model.xml	obj	R_rxn40037__DASH__c0_c0	0.0	optimal	-999.9860408636231	1.1588895033089557	1.0
./model.xml	obj	R_rxn40439__DASH__c0_c0	0.0	optimal	0.0	0.0	1.0
./model.xml	obj	R_rxn41452__DASH__c0_c0	0.0002	optimal	0.0002	0.14474670692171018	1.0
./model.xml	obj	R_rxn41683__DASH__c0_c0	0.0	optimal	0.0	0.0	1.0
./model.xml	obj	R_rxn41896__DASH__c0_c0	0.0	optimal	0.0	0.0	1.0
./model.xml	obj	R_rxn42177__DASH__c0_c0	0.0	optimal	0.0	0.0	1.0
./model.xml	obj	R_rxn42230__DASH__c0_c0	0.0	optimal	0.0	0.0	1.0
./model.xml	obj	R_rxn43470__DASH__c0_c0	0.0	optimal	0.0	0.0	1.0
./model.xml	obj	R_rxn44539__DASH__c0_c0	0.0	optimal	0.0	0.0	1.0
./model.xml	obj	R_rxn45223__DASH__c0_c0	0.0	optimal	0.0	0.0	1.0
./model.xml	obj	R_rxn45425__DASH__c0_c0	0.0	optimal	0.0	0.0	1.0
./model.xml	obj	R_rxn45996__DASH__c0_c0	0.0	optimal	0.0	0.0	1.0
./model.xml	obj	R_rxn46344__DASH__c0_c0	0.0	optimal	0.0	0.0	1.0
./model.xml	obj	R_rxn46365__DASH__c0_c0	0.0	optimal	0.0	0.0	1.0
./model.xml	obj	R_rxn46549__DASH__c0_c0	0.0	optimal	0.0	0.0	1.0
./model.xml	obj	R_rxn46694__DASH__c0_c0	0.0	optimal	0.0	0.0	1.0
./model.xml	obj	R_rxn47768__DASH__c0_c0	0.0002	optimal	0.00019999999999999998	0.1447467069217102	1.0
