model	objective	reaction	status	value
./model.xml	obj	R_DM_cpd02701_c0	optimal	0.0
./model.xml	obj	R_DM_cpd11416_c0	optimal	-1.883530224150441e-17
./model.xml	obj	R_DM_cpd15302_c0	optimal	0.06948999999999994
./model.xml	obj	R_EX_cpd00001_e0	infeasible	NaN
./model.xml	obj	R_EX_cpd00007_e0	optimal	0.06948999999999952
./model.xml	obj	R_EX_cpd00009_e0	optimal	5.93312020607381e-16
./model.xml	obj	R_EX_cpd00011_e0	optimal	-4.0621503775389516e-16
./model.xml	obj	R_EX_cpd00012_e0	optimal	0.06948999999999952
./model.xml	obj	R_EX_cpd00013_e0	optimal	0.06948999999999994
./model.xml	obj	R_EX_cpd00017_e0	optimal	0.06948999999999952
./model.xml	obj	R_EX_cpd00023_e0	optimal	0.06948999999999994
./model.xml	obj	R_EX_cpd00027_e0	optimal	0.06948999999999952
./model.xml	obj	R_EX_cpd00028_e0	optimal	0.06948999999999952
./model.xml	obj	R_EX_cpd00030_e0	optimal	0.0
./model.xml	obj	R_EX_cpd00033_e0	optimal	0.06948999999999994
./model.xml	obj	R_EX_cpd00034_e0	optimal	0.0
./model.xml	obj	R_EX_cpd00035_e0	optimal	0.06948999999999994
./model.xml	obj	R_EX_cpd00039_e0	optimal	0.06948999999999994
./model.xml	obj	R_EX_cpd00041_e0	optimal	0.06948999999999952
./model.xml	obj	R_EX_cpd00048_e0	optimal	2.2771880409978528e-14
./model.xml	obj	R_EX_cpd00051_e0	optimal	0.06948999999999994
./model.xml	obj	R_EX_cpd00053_e0	optimal	0.06948999999999952
./model.xml	obj	R_EX_cpd00054_e0	optimal	0.06948999999999952
./model.xml	obj	R_EX_cpd00058_e0	optimal	0.0
./model.xml	obj	R_EX_cpd00060_e0	optimal	0.06948999999999952
./model.xml	obj	R_EX_cpd00063_e0	optimal	9.417651120752205e-18
./model.xml	obj	R_EX_cpd00065_e0	optimal	0.06948999999999952
./model.xml	obj	R_EX_cpd00066_e0	optimal	0.06948999999999952
./model.xml	obj	R_EX_cpd00067_e0	optimal	0.06948999999999952
./model.xml	obj	R_EX_cpd00069_e0	optimal	0.06948999999999952
./model.xml	obj	R_EX_cpd00073_e0	optimal	0.06948999999999952
./model.xml	obj	R_EX_cpd00076_e0	optimal	0.06948999999999994
./model.xml	obj	R_EX_cpd00084_e0	optimal	0.06948999999999952
./model.xml	obj	R_EX_cpd00099_e0	optimal	0.0
./model.xml	obj	R_EX_cpd00104_e0	optimal	0.06948999999999952
./model.xml	obj	R_EX_cpd00107_e0	optimal	0.06948999999999952
./model.xml	obj	R_EX_cpd00116_e0	optimal	6.20623208857562e-13
./model.xml	obj	R_EX_cpd00118_e0	optimal	0.06948999999999994
./model.xml	obj	R_EX_cpd00119_e0	optimal	0.06948999999999994
./model.xml	obj	R_EX_cpd00129_e0	optimal	0.06948999999999994
./model.xml	obj	R_EX_cpd00132_e0	optimal	0.06948999999999952
./model.xml	obj	R_EX_cpd00137_e0	optimal	0.06948999999999994
./model.xml	obj	R_EX_cpd00149_e0	optimal	5.13190637965644e-16
./model.xml	obj	R_EX_cpd00155_e0	optimal	0.06948999999999952
./model.xml	obj	R_EX_cpd00156_e0	optimal	0.06948999999999994
./model.xml	obj	R_EX_cpd00159_e0	optimal	0.06948999999999994
./model.xml	obj	R_EX_cpd00161_e0	optimal	0.06948999999999952
./model.xml	obj	R_EX_cpd00179_e0	optimal	0.06948999999999994
./model.xml	obj	R_EX_cpd00205_e0	optimal	0.0
./model.xml	obj	R_EX_cpd00209_e0	optimal	0.0
./model.xml	obj	R_EX_cpd00215_e0	optimal	0.06948999999999994
./model.xml	obj	R_EX_cpd00218_e0	optimal	0.06948999999999952
./model.xml	obj	R_EX_cpd00220_e0	optimal	0.06948999999999952
./model.xml	obj	R_EX_cpd00244_e0	optimal	0.06948999999999994
./model.xml	obj	R_EX_cpd00254_e0	optimal	0.0
./model.xml	obj	R_EX_cpd00264_e0	optimal	0.06948999999999994
./model.xml	obj	R_EX_cpd00268_e0	optimal	0.06948999999999994
./model.xml	obj	R_EX_cpd00305_e0	optimal	0.06948999999999994
./model.xml	obj	R_EX_cpd00307_e0	optimal	0.06948999999999994
./model.xml	obj	R_EX_cpd00309_e0	optimal	0.06948999999999952
./model.xml	obj	R_EX_cpd00322_e0	optimal	0.06948999999999994
./model.xml	obj	R_EX_cpd00393_e0	optimal	0.06948999999999952
./model.xml	obj	R_EX_cpd00531_e0	optimal	0.06948999999999952
./model.xml	obj	R_EX_cpd00635_e0	optimal	0.06948999999999952
./model.xml	obj	R_EX_cpd00644_e0	optimal	0.06948999999999952
./model.xml	obj	R_EX_cpd00731_e0	optimal	0.06948999999999952
./model.xml	obj	R_EX_cpd00971_e0	optimal	0.06948999999999994
./model.xml	obj	R_EX_cpd01012_e0	optimal	0.06948999999999952
./model.xml	obj	R_EX_cpd01017_e0	optimal	0.06948999999999952
./model.xml	obj	R_EX_cpd01262_e0	optimal	0.06948999999999952
./model.xml	obj	R_EX_cpd01329_e0	optimal	0.06948999999999952
./model.xml	obj	R_EX_cpd03453_e0	optimal	0.06948999999999994
./model.xml	obj	R_EX_cpd03724_e0	optimal	0.06948999999999952
./model.xml	obj	R_EX_cpd03725_e0	optimal	0.06948999999999994
./model.xml	obj	R_EX_cpd03726_e0	optimal	0.06948999999999952
./model.xml	obj	R_EX_cpd04097_e0	optimal	0.06948999999999994
./model.xml	obj	R_EX_cpd04099_e0	optimal	0.06948999999999994
./model.xml	obj	R_EX_cpd10516_e0	optimal	9.417651120752205e-18
./model.xml	obj	R_EX_cpd11580_e0	optimal	0.06948999999999952
./model.xml	obj	R_EX_cpd11581_e0	optimal	0.06948999999999952
./model.xml	obj	R_EX_cpd11582_e0	optimal	0.06948999999999952
./model.xml	obj	R_EX_cpd11583_e0	optimal	0.06948999999999994
./model.xml	obj	R_EX_cpd11584_e0	optimal	0.06948999999999994
./model.xml	obj	R_EX_cpd11585_e0	optimal	0.06948999999999994
./model.xml	obj	R_EX_cpd11586_e0	optimal	0.06948999999999952
./model.xml	obj	R_EX_cpd11587_e0	optimal	0.06948999999999952
./model.xml	obj	R_EX_cpd11588_e0	optimal	0.06948999999999952
./model.xml	obj	R_EX_cpd11589_e0	optimal	0.06948999999999952
./model.xml	obj	R_EX_cpd11590_e0	optimal	0.06948999999999994
./model.xml	obj	R_EX_cpd11591_e0	optimal	0.06948999999999952
./model.xml	obj	R_EX_cpd11592_e0	optimal	0.06948999999999952
./model.xml	obj	R_EX_cpd11593_e0	optimal	0.06948999999999952
./model.xml	obj	R_EX_cpd15603_e0	optimal	0.06948999999999952
./model.xml	obj	R_EX_cpd15604_e0	optimal	0.06948999999999994
./model.xml	obj	R_EX_cpd15605_e0	optimal	0.06948999999999952
./model.xml	obj	R_EX_cpd15606_e0	optimal	0.06948999999999952
./model.xml	obj	R_R0001	infeasible	NaN
./model.xml	obj	R_R0002	infeasible	NaN
./model.xml	obj	R_R0003	infeasible	NaN
./model.xml	obj	R_R0004	infeasible	NaN
./model.xml	obj	R_R0005	infeasible	NaN
./model.xml	obj	R_R0006	optimal	0.06948999999987086
./model.xml	obj	R_R0007	optimal	0.06948999999991413
./model.xml	obj	R_R0008	infeasible	NaN
./model.xml	obj	R_R0009	infeasible	NaN
./model.xml	obj	R_R0010	infeasible	NaN
./model.xml	obj	R_R0011	infeasible	NaN
./model.xml	obj	R_R0012	infeasible	NaN
./model.xml	obj	R_R0013	infeasible	NaN
./model.xml	obj	R_R0014	infeasible	NaN
./model.xml	obj	R_R0015	infeasible	NaN
./model.xml	obj	R_R0016	infeasible	NaN
./model.xml	obj	R_R0017	infeasible	NaN
./model.xml	obj	R_R0018	infeasible	NaN
./model.xml	obj	R_R0019	infeasible	NaN
./model.xml	obj	R_R0020	infeasible	NaN
./model.xml	obj	R_R0021	infeasible	NaN
./model.xml	obj	R_R0022	infeasible	NaN
./model.xml	obj	R_R0023	infeasible	NaN
./model.xml	obj	R_R0024	infeasible	NaN
./model.xml	obj	R_R0025	infeasible	NaN
./model.xml	obj	R_R0026	infeasible	NaN
./model.xml	obj	R_R0027	infeasible	NaN
./model.xml	obj	R_R0028	infeasible	NaN
./model.xml	obj	R_R0029	infeasible	NaN
./model.xml	obj	R_R0030	optimal	0.06948999999995607
./model.xml	obj	R_R0031	optimal	0.06948999999995607
./model.xml	obj	R_R0032	optimal	3.989738265519641e-05
./model.xml	obj	R_R0033	optimal	0.06948999999999976
./model.xml	obj	R_R0034	optimal	0.06948999999999994
./model.xml	obj	R_R0035	optimal	0.06948999999999994
./model.xml	obj	R_R0036	optimal	0.06948999999999994
./model.xml	obj	R_R0037	optimal	0.06948999999999994
./model.xml	obj	R_R0038	infeasible	NaN
./model.xml	obj	R_R0039	optimal	0.06948999999999994
./model.xml	obj	R_R0040	infeasible	NaN
./model.xml	obj	R_R0041	optimal	0.06948999999999994
./model.xml	obj	R_R0042	infeasible	NaN
./model.xml	obj	R_R0043	optimal	0.06948999999999994
./model.xml	obj	R_R0044	optimal	0.06948999999999995
./model.xml	obj	R_R0045	optimal	0.06948999999999994
./model.xml	obj	R_R0046	optimal	0.06948999999999994
./model.xml	obj	R_R0047	optimal	0.06948999999987086
./model.xml	obj	R_R0048	optimal	0.06948999999987086
./model.xml	obj	R_R048	infeasible	NaN
./model.xml	obj	R_R543	optimal	0.06948999999987086
./model.xml	obj	R_bio1_biomass	optimal	0.0
./model.xml	obj	R_rxn00001_c0	optimal	0.06949000000000398
./model.xml	obj	R_rxn00006_c0	optimal	0.06948999999999994
./model.xml	obj	R_rxn00007_c0	optimal	0.06949000000000004
./model.xml	obj	R_rxn00011_c0	optimal	0.06948999999999957
./model.xml	obj	R_rxn00016_c0	optimal	0.06948999999999962
./model.xml	obj	R_rxn00018_c0	optimal	-1.8576447999831052e-17
./model.xml	obj	R_rxn00022_c0	optimal	0.06949000000000012
./model.xml	obj	R_rxn00029_c0	optimal	1.576953257735963e-17
./model.xml	obj	R_rxn00048_c0	optimal	2.65479140323039e-16
./model.xml	obj	R_rxn00060_c0	optimal	5.322008879756499e-16
./model.xml	obj	R_rxn00063_c0	optimal	0.0694899999999999
./model.xml	obj	R_rxn00065_c0	optimal	0.06949000000000141
./model.xml	obj	R_rxn00068_c0	optimal	2.393586673707508e-13
./model.xml	obj	R_rxn00076_c0	optimal	0.06949000000000106
./model.xml	obj	R_rxn00077_c0	optimal	0.06948999999999982
./model.xml	obj	R_rxn00083_c0	optimal	0.06948999999999968
./model.xml	obj	R_rxn00085_c0	optimal	0.06948999999997
./model.xml	obj	R_rxn00086_c0	optimal	0.06949000000000018
./model.xml	obj	R_rxn00097_c0	optimal	0.06949000000000292
./model.xml	obj	R_rxn00100_c0	optimal	-3.3888042054797657e-15
./model.xml	obj	R_rxn00101_c0	optimal	-1.5748102053465544e-18
./model.xml	obj	R_rxn00102_c0	optimal	0.06949000000000208
./model.xml	obj	R_rxn00104_c0	optimal	0.06948999999999994
./model.xml	obj	R_rxn00105_c0	optimal	0.06948999999999997
./model.xml	obj	R_rxn00107_c0	optimal	0.06948999999999741
./model.xml	obj	R_rxn00113_c0	optimal	0.06949000000000004
./model.xml	obj	R_rxn00117_c0	optimal	-1.6652661133974715e-15
./model.xml	obj	R_rxn00119_c0	optimal	-1.1604505367266555e-15
./model.xml	obj	R_rxn00122_c0	optimal	3.009277484971651e-17
./model.xml	obj	R_rxn00126_c0	optimal	-2.5785389734209517e-16
./model.xml	obj	R_rxn00132_c0	optimal	0.06948999999999993
./model.xml	obj	R_rxn00137_c0	optimal	3.614085683867791e-18
./model.xml	obj	R_rxn00138_c0	optimal	0.06949000000001578
./model.xml	obj	R_rxn00139_c0	optimal	0.06949000000000007
./model.xml	obj	R_rxn00140_c0	optimal	0.06949000000006994
./model.xml	obj	R_rxn00141_c0	optimal	7.416392326763073e-17
./model.xml	obj	R_rxn00147_c0	optimal	0.0694899999999423
./model.xml	obj	R_rxn00148_c0	optimal	0.06948999999999984
./model.xml	obj	R_rxn00154_c0	optimal	0.06948999999999128
./model.xml	obj	R_rxn00161_c0	optimal	0.0694900000000158
./model.xml	obj	R_rxn00165_c0	optimal	0.06948999999999982
./model.xml	obj	R_rxn00171_c0	optimal	0.06948999999999972
./model.xml	obj	R_rxn00175_c0	optimal	1.0865339312636828e-15
./model.xml	obj	R_rxn00179_c0	optimal	0.06949000000000018
./model.xml	obj	R_rxn00182_c0	optimal	0.06949000000000004
./model.xml	obj	R_rxn00183_c0	optimal	0.06948999999999973
./model.xml	obj	R_rxn00184_c0	optimal	0.06949000000000026
./model.xml	obj	R_rxn00186_c0	optimal	0.0694900000000004
./model.xml	obj	R_rxn00187_c0	optimal	0.06948999999999976
./model.xml	obj	R_rxn00189_c0	optimal	0.06949000000000002
./model.xml	obj	R_rxn00192_c0	optimal	0.06948999999999983
./model.xml	obj	R_rxn00193_c0	optimal	-9.417651120752205e-18
./model.xml	obj	R_rxn00194_c0	optimal	0.06949000000000008
./model.xml	obj	R_rxn00199_c0	optimal	8.155401235562897e-17
./model.xml	obj	R_rxn00206_c0	optimal	0.06949000000000018
./model.xml	obj	R_rxn00208_c0	optimal	0.06948999999999997
./model.xml	obj	R_rxn00209_c0	optimal	0.06949000000000012
./model.xml	obj	R_rxn00211_c0	optimal	0.06948999999999994
./model.xml	obj	R_rxn00213_c0	optimal	0.06949000000000002
./model.xml	obj	R_rxn00214_c0	optimal	0.06948999999999235
./model.xml	obj	R_rxn00216_c0	optimal	0.06948999999994232
./model.xml	obj	R_rxn00222_c0	optimal	0.0694900000000004
./model.xml	obj	R_rxn00223_c0	optimal	0.06948999999999991
./model.xml	obj	R_rxn00224_c0	optimal	3.009277484971651e-17
./model.xml	obj	R_rxn00225_c0	optimal	0.06948999999999982
./model.xml	obj	R_rxn00227_c0	optimal	0.06949000000000029
./model.xml	obj	R_rxn00237_c0	optimal	-1.7396762879108602e-15
./model.xml	obj	R_rxn00239_c0	optimal	0.06948999999899642
./model.xml	obj	R_rxn00241_c0	optimal	0.06949000000000026
./model.xml	obj	R_rxn00242_c0	optimal	0.06948999999999972
./model.xml	obj	R_rxn00248_c0	optimal	0.06948999999999993
./model.xml	obj	R_rxn00251_c0	optimal	-4.2971848988206866e-17
./model.xml	obj	R_rxn00256_c0	optimal	2.0361037132187078e-14
./model.xml	obj	R_rxn00260_c0	optimal	6.326095592403128e-16
./model.xml	obj	R_rxn00262_c0	optimal	0.06948999999999993
./model.xml	obj	R_rxn00269_c0	optimal	0.06949000000000141
./model.xml	obj	R_rxn00272_c0	optimal	-3.435155468855683e-16
./model.xml	obj	R_rxn00274_c0	optimal	0.06948999999999907
./model.xml	obj	R_rxn00278_c0	optimal	0.06949000000000033
./model.xml	obj	R_rxn00283_c0	optimal	-5.2335260608202625e-18
./model.xml	obj	R_rxn00285_c0	optimal	0.06949000000000004
./model.xml	obj	R_rxn00292_c0	optimal	0.0694900000000014
./model.xml	obj	R_rxn00293_c0	optimal	-4.956879858622457e-17
./model.xml	obj	R_rxn00297_c0	optimal	0.06948999999999983
./model.xml	obj	R_rxn00299_c0	optimal	0.06948999999999979
./model.xml	obj	R_rxn00300_c0	optimal	-1.9996801014314084e-17
./model.xml	obj	R_rxn00301_c0	optimal	0.06948999999999994
./model.xml	obj	R_rxn00302_c0	optimal	0.06948999999999993
./model.xml	obj	R_rxn00303_c0	optimal	0.06949000000000013
./model.xml	obj	R_rxn00304_c0	optimal	0.0694899999999999
./model.xml	obj	R_rxn00313_c0	optimal	0.0
./model.xml	obj	R_rxn00322_c0	optimal	0.06949000000000018
./model.xml	obj	R_rxn00328_c0	optimal	0.06948999999999994
./model.xml	obj	R_rxn00333_c0	optimal	0.06948999999999977
./model.xml	obj	R_rxn00337_c0	optimal	-2.7044102125166235e-16
./model.xml	obj	R_rxn00338_c0	optimal	9.64367474765698e-14
./model.xml	obj	R_rxn00346_c0	optimal	-5.2954211976671545e-17
./model.xml	obj	R_rxn00350_c0	optimal	-8.116151643815372e-17
./model.xml	obj	R_rxn00351_c0	optimal	0.06949000000000106
./model.xml	obj	R_rxn00355_c0	optimal	0.06948999999999994
./model.xml	obj	R_rxn00358_c0	optimal	0.06949000000000008
./model.xml	obj	R_rxn00361_c0	optimal	0.06948999999999997
./model.xml	obj	R_rxn00363_c0	optimal	0.06948999999999997
./model.xml	obj	R_rxn00364_c0	optimal	7.639664788026437e-18
./model.xml	obj	R_rxn00367_c0	optimal	0.0694900000000158
./model.xml	obj	R_rxn00377_c0	optimal	0.06948999999999983
./model.xml	obj	R_rxn00379_c0	optimal	1.084712807286238e-17
./model.xml	obj	R_rxn00392_c0	optimal	9.417651120752205e-17
./model.xml	obj	R_rxn00405_c0	optimal	0.0
./model.xml	obj	R_rxn00407_c0	optimal	0.06949000000000004
./model.xml	obj	R_rxn00409_c0	optimal	-1.2551254029174692e-16
./model.xml	obj	R_rxn00410_c0	optimal	0.06948999999999976
./model.xml	obj	R_rxn00411_c0	optimal	0.06948999999999896
./model.xml	obj	R_rxn00412_c0	optimal	0.0694899999999996
./model.xml	obj	R_rxn00414_c0	optimal	0.06948999999999991
./model.xml	obj	R_rxn00416_c0	optimal	9.417651120752205e-18
./model.xml	obj	R_rxn00422_c0	optimal	0.06948999999999979
./model.xml	obj	R_rxn00423_c0	optimal	-1.96965858834832e-17
./model.xml	obj	R_rxn00433_c0	optimal	0.06948999999999993
./model.xml	obj	R_rxn00438_c0	optimal	6.095930604090793e-15
./model.xml	obj	R_rxn00459_c0	optimal	0.06949000000000015
./model.xml	obj	R_rxn00460_c0	optimal	0.06949000000000018
./model.xml	obj	R_rxn00461_c0	optimal	-9.52940999604812e-18
./model.xml	obj	R_rxn00463_c0	optimal	0.06948999999999993
./model.xml	obj	R_rxn00474_c0	optimal	0.06949000000000011
./model.xml	obj	R_rxn00493_c0	optimal	4.0772592433500994e-17
./model.xml	obj	R_rxn00499_c0	optimal	0.06949000000001063
./model.xml	obj	R_rxn00504_c0	optimal	0.06949000000000007
./model.xml	obj	R_rxn00506_c0	optimal	0.06948999999999893
./model.xml	obj	R_rxn00508_c0	optimal	0.06949000000000004
./model.xml	obj	R_rxn00514_c0	optimal	0.06948999999999979
./model.xml	obj	R_rxn00515_c0	optimal	0.0694900000000004
./model.xml	obj	R_rxn00525_c0	optimal	0.06949000000000012
./model.xml	obj	R_rxn00526_c0	optimal	0.06948999999999982
./model.xml	obj	R_rxn00527_c0	optimal	5.82203227027289e-17
./model.xml	obj	R_rxn00533_c0	optimal	0.06949000000000108
./model.xml	obj	R_rxn00543_c0	optimal	0.06948999999999998
./model.xml	obj	R_rxn00545_c0	optimal	0.0694899999999999
./model.xml	obj	R_rxn00547_c0	optimal	0.06949000000000824
./model.xml	obj	R_rxn00548_c0	optimal	0.06948999999999975
./model.xml	obj	R_rxn00549_c0	optimal	0.06949000000029537
./model.xml	obj	R_rxn00555_c0	optimal	1.5742162500630238e-17
./model.xml	obj	R_rxn00558_c0	optimal	0.06949000000000001
./model.xml	obj	R_rxn00559_c0	optimal	0.06949000000001064
./model.xml	obj	R_rxn00568_c0	optimal	0.06949000000000004
./model.xml	obj	R_rxn00577_c0	optimal	0.06948999999999997
./model.xml	obj	R_rxn00578	optimal	0.06948999999999994
./model.xml	obj	R_rxn00579	optimal	0.06948999999999994
./model.xml	obj	R_rxn00604_c0	optimal	0.06948999999993943
./model.xml	obj	R_rxn00611_c0	optimal	0.06948999999999993
./model.xml	obj	R_rxn00612_c0	optimal	0.06948999999999983
./model.xml	obj	R_rxn00629_c0	optimal	0.06949000000006994
./model.xml	obj	R_rxn00634_c0	optimal	0.06948999999999997
./model.xml	obj	R_rxn00640_c0	optimal	0.06948999999999896
./model.xml	obj	R_rxn00641_c0	optimal	0.06948999999999994
./model.xml	obj	R_rxn00642_c0	optimal	0.06949000000000007
./model.xml	obj	R_rxn00647_c0	optimal	0.06948999999999973
./model.xml	obj	R_rxn00649_c0	optimal	1.3855433764407658e-16
./model.xml	obj	R_rxn00650_c0	optimal	2.9916441153591775e-17
./model.xml	obj	R_rxn00653_c0	optimal	0.06948999999999991
./model.xml	obj	R_rxn00675_c0	optimal	0.06948999999999945
./model.xml	obj	R_rxn00686_c0	optimal	-2.5825400600335367e-18
./model.xml	obj	R_rxn00689_c0	optimal	0.06948999999999994
./model.xml	obj	R_rxn00691_c0	optimal	0.06948999999994232
./model.xml	obj	R_rxn00692_c0	optimal	0.0
./model.xml	obj	R_rxn00693_c0	optimal	-4.139705612730396e-17
./model.xml	obj	R_rxn00695_c0	optimal	0.06949000000000037
./model.xml	obj	R_rxn00701_c0	optimal	0.06948999999999982
./model.xml	obj	R_rxn00702_c0	optimal	0.06948999999999977
./model.xml	obj	R_rxn00708_c0	optimal	0.06949000000000118
./model.xml	obj	R_rxn00710_c0	optimal	-1.1659312988773347e-17
./model.xml	obj	R_rxn00711_c0	optimal	0.06949000000001578
./model.xml	obj	R_rxn00712_c0	optimal	0.06949000000000001
./model.xml	obj	R_rxn00717_c0	optimal	0.06949000000000076
./model.xml	obj	R_rxn00726_c0	optimal	0.06949000000000019
./model.xml	obj	R_rxn00727_c0	optimal	0.06948999999999649
./model.xml	obj	R_rxn00735_c0	optimal	0.06949000000001063
./model.xml	obj	R_rxn00737_c0	optimal	8.5373198275270805e-16
./model.xml	obj	R_rxn00743_c0	optimal	0.06948999999999994
./model.xml	obj	R_rxn00745_c0	optimal	1.5927148757909078e-16
./model.xml	obj	R_rxn00747_c0	optimal	1.8991830107408772e-14
./model.xml	obj	R_rxn00758_c0	optimal	0.06949000000000001
./model.xml	obj	R_rxn00762_c0	optimal	-8.673242917547796e-18
./model.xml	obj	R_rxn00763_c0	optimal	0.06948999999999973
./model.xml	obj	R_rxn00770_c0	optimal	3.5674758759695054e-15
./model.xml	obj	R_rxn00772_c0	optimal	0.0
./model.xml	obj	R_rxn00775_c0	optimal	0.06948999999999977
./model.xml	obj	R_rxn00777_c0	optimal	5.750128052307331e-16
./model.xml	obj	R_rxn00781_c0	optimal	0.06949000000000398
./model.xml	obj	R_rxn00782_c0	optimal	0.06948999999999997
./model.xml	obj	R_rxn00784_c0	optimal	0.06948999999999983
./model.xml	obj	R_rxn00785_c0	optimal	0.06948999999999994
./model.xml	obj	R_rxn00786_c0	optimal	0.06948999999999998
./model.xml	obj	R_rxn00789_c0	optimal	7.887982861537494e-17
./model.xml	obj	R_rxn00790_c0	optimal	1.553338717870213e-16
./model.xml	obj	R_rxn00791_c0	optimal	-2.5825400600335367e-18
./model.xml	obj	R_rxn00792_c0	optimal	0.06948999999999979
./model.xml	obj	R_rxn00799_c0	optimal	-1.4233715082907039e-15
./model.xml	obj	R_rxn00800_c0	optimal	3.425199712617577e-14
./model.xml	obj	R_rxn00802_c0	optimal	1.4103251295187988e-16
./model.xml	obj	R_rxn00806_c0	optimal	1.0145189554769215e-16
./model.xml	obj	R_rxn00808_c0	optimal	0.06948999999999994
./model.xml	obj	R_rxn00816_c0	optimal	0.06948999999999979
./model.xml	obj	R_rxn00830_c0	optimal	0.06948999999999896
./model.xml	obj	R_rxn00831_c0	optimal	0.06949000000000032
./model.xml	obj	R_rxn00832_c0	optimal	1.320993936248699e-15
./model.xml	obj	R_rxn00834_c0	optimal	0.06948999999999977
./model.xml	obj	R_rxn00838_c0	optimal	-1.8434919368293767e-15
./model.xml	obj	R_rxn00839_c0	optimal	0.06948999999999994
./model.xml	obj	R_rxn00840_c0	optimal	0.0694899999999999
./model.xml	obj	R_rxn00851_c0	optimal	0.06948999999999979
./model.xml	obj	R_rxn00858_c0	optimal	4.337317511181418e-18
./model.xml	obj	R_rxn00863_c0	optimal	6.346259306257411e-17
./model.xml	obj	R_rxn00872_c0	optimal	0.06949000000000026
./model.xml	obj	R_rxn00881_c0	optimal	0.06949000000000012
./model.xml	obj	R_rxn00882_c0	optimal	0.0694900000000001
./model.xml	obj	R_rxn00883_c0	optimal	0.06949
./model.xml	obj	R_rxn00898_c0	optimal	2.9916441153591775e-17
./model.xml	obj	R_rxn00902_c0	optimal	2.9916441153591775e-17
./model.xml	obj	R_rxn00903_c0	optimal	0.06948999999999994
./model.xml	obj	R_rxn00904_c0	optimal	0.06948999999999983
./model.xml	obj	R_rxn00907_c0	optimal	-2.611842932461573e-15
./model.xml	obj	R_rxn00910_c0	optimal	-5.035269382703256e-16
./model.xml	obj	R_rxn00912_c0	optimal	-6.307813030943851e-18
./model.xml	obj	R_rxn00913_c0	optimal	0.06948999999999982
./model.xml	obj	R_rxn00915_c0	optimal	0.06948999999999898
./model.xml	obj	R_rxn00917_c0	optimal	-6.98150805859278e-17
./model.xml	obj	R_rxn00929_c0	optimal	0.06948999999999989
./model.xml	obj	R_rxn00931_c0	optimal	0.06949000000000008
./model.xml	obj	R_rxn00938_c0	optimal	0.06949000000000004
./model.xml	obj	R_rxn00946_c0	optimal	0.06948999999999998
./model.xml	obj	R_rxn00947_c0	optimal	0.06948999999999993
./model.xml	obj	R_rxn00949_c0	optimal	-9.038182594131279e-18
./model.xml	obj	R_rxn00953_c0	optimal	0.06949000000000018
./model.xml	obj	R_rxn00957_c0	optimal	-4.958724845948978e-16
./model.xml	obj	R_rxn00974_c0	optimal	7.004632575172071e-17
./model.xml	obj	R_rxn00979_c0	optimal	4.554845001132283e-17
./model.xml	obj	R_rxn00980_c0	optimal	0.06948999999999982
./model.xml	obj	R_rxn00988_c0	optimal	0.06948999999999994
./model.xml	obj	R_rxn00999_c0	optimal	0.06949000000000007
./model.xml	obj	R_rxn01000_c0	optimal	3.1539065154719256e-18
./model.xml	obj	R_rxn01018_c0	optimal	-2.1252855804788948e-16
./model.xml	obj	R_rxn01019_c0	optimal	-1.4131751799337384e-33
./model.xml	obj	R_rxn01022_c0	optimal	0.06949000000000105
./model.xml	obj	R_rxn01025_c0	optimal	0.06948999999999976
./model.xml	obj	R_rxn01069_c0	optimal	1.9666080153772141e-16
./model.xml	obj	R_rxn01073_c0	optimal	0.06948999999999973
./model.xml	obj	R_rxn01084_c0	optimal	0.06948999999993943
./model.xml	obj	R_rxn01100_c0	optimal	3.9000599919461377e-16
./model.xml	obj	R_rxn01101_c0	optimal	0.06948999999999983
./model.xml	obj	R_rxn01103_c0	optimal	0.06949000000000037
./model.xml	obj	R_rxn01106_c0	optimal	0.06948999999999741
./model.xml	obj	R_rxn01107_c0	optimal	0.06948999999999983
./model.xml	obj	R_rxn01108_c0	optimal	0.06949000000000015
./model.xml	obj	R_rxn01109_c0	optimal	0.06948999999999994
./model.xml	obj	R_rxn01111_c0	optimal	-8.092109366666005e-17
./model.xml	obj	R_rxn01115_c0	optimal	0.06948999999999951
./model.xml	obj	R_rxn01116_c0	optimal	-4.2627262313231316e-15
./model.xml	obj	R_rxn01117_c0	optimal	6.928770077665656e-17
./model.xml	obj	R_rxn01127_c0	optimal	0.06949000000000143
./model.xml	obj	R_rxn01128_c0	optimal	0.06949000000000012
./model.xml	obj	R_rxn01129_c0	optimal	0.06948999999999989
./model.xml	obj	R_rxn01132_c0	optimal	0.06948999999999994
./model.xml	obj	R_rxn01133_c0	optimal	0.06948999999999983
./model.xml	obj	R_rxn01134_c0	optimal	0.06948999999999994
./model.xml	obj	R_rxn01137_c0	optimal	1.5257964827502305e-16
./model.xml	obj	R_rxn01145_c0	optimal	0.06949000000000018
./model.xml	obj	R_rxn01179_c0	optimal	0.0694900000000046
./model.xml	obj	R_rxn01187_c0	optimal	0.06949000000000008
./model.xml	obj	R_rxn01200_c0	optimal	-2.5870233364661496e-16
./model.xml	obj	R_rxn01208_c0	optimal	2.9916441153591775e-17
./model.xml	obj	R_rxn01210_c0	optimal	0.06949000000000001
./model.xml	obj	R_rxn01211_c0	optimal	0.06949000000001063
./model.xml	obj	R_rxn01213_c0	optimal	5.816253323505906e-17
./model.xml	obj	R_rxn01218_c0	optimal	0.06948999999999995
./model.xml	obj	R_rxn01219_c0	optimal	0.06949000000000037
./model.xml	obj	R_rxn01225_c0	optimal	0.06948999999999984
./model.xml	obj	R_rxn01226_c0	optimal	0.06948999999999997
./model.xml	obj	R_rxn01241_c0	optimal	0.06949000000000106
./model.xml	obj	R_rxn01255_c0	optimal	6.859161781807808e-16
./model.xml	obj	R_rxn01256_c0	optimal	4.554845001132283e-17
./model.xml	obj	R_rxn01257_c0	optimal	3.2748931520285006e-17
./model.xml	obj	R_rxn01258_c0	optimal	-1.5527076968482016e-17
./model.xml	obj	R_rxn01265_c0	optimal	0.06948999999999649
./model.xml	obj	R_rxn01268_c0	optimal	-1.0547743742680441e-17
./model.xml	obj	R_rxn01274_c0	optimal	0.06949000000000141
./model.xml	obj	R_rxn01275_c0	optimal	0.06948999999999998
./model.xml	obj	R_rxn01280_c0	optimal	0.06948999999999958
./model.xml	obj	R_rxn01281_c0	optimal	0.06949000000000008
./model.xml	obj	R_rxn01286_c0	optimal	0.06948999999999977
./model.xml	obj	R_rxn01297_c0	optimal	-1.7016268569916907e-16
./model.xml	obj	R_rxn01299_c0	optimal	1.9625722728075984e-16
./model.xml	obj	R_rxn01300_c0	optimal	-1.4969993432259458e-31
./model.xml	obj	R_rxn01301_c0	optimal	0.06948999999999984
./model.xml	obj	R_rxn01302_c0	optimal	0.0694900000000003
./model.xml	obj	R_rxn01324_c0	optimal	0.06949000000000019
./model.xml	obj	R_rxn01329_c0	optimal	0.0694899999999997
./model.xml	obj	R_rxn01332_c0	optimal	1.6488324579472203e-16
./model.xml	obj	R_rxn01333_c0	optimal	0.06949000000000129
./model.xml	obj	R_rxn01334_c0	optimal	0.06948999999993943
./model.xml	obj	R_rxn01343_c0	optimal	0.06949000000000105
./model.xml	obj	R_rxn01345_c0	optimal	0.06948999999999983
./model.xml	obj	R_rxn01351_c0	optimal	0.06948999999999896
./model.xml	obj	R_rxn01352_c0	optimal	0.06948999999999893
./model.xml	obj	R_rxn01353_c0	optimal	0.06948999999999908
./model.xml	obj	R_rxn01354_c0	optimal	0.06949000000000004
./model.xml	obj	R_rxn01362_c0	optimal	-1.622249452167181e-17
./model.xml	obj	R_rxn01370_c0	optimal	0.06949000000000012
./model.xml	obj	R_rxn01387_c0	optimal	7.052478273180985e-16
./model.xml	obj	R_rxn01388_c0	optimal	3.4037108109470784e-18
./model.xml	obj	R_rxn01416_c0	optimal	0.06949000000000118
./model.xml	obj	R_rxn01434_c0	optimal	5.897454627311421e-17
./model.xml	obj	R_rxn01445_c0	optimal	0.06948999999999278
./model.xml	obj	R_rxn01451_c0	optimal	0.06948999999999968
./model.xml	obj	R_rxn01459_c0	optimal	0.06949000000000004
./model.xml	obj	R_rxn01465_c0	optimal	0.0
./model.xml	obj	R_rxn01466_c0	optimal	-2.396201265682743e-17
./model.xml	obj	R_rxn01476_c0	optimal	0.06948999999999951
./model.xml	obj	R_rxn01480_c0	optimal	0.06948999999999128
./model.xml	obj	R_rxn01484_c0	optimal	0.06948999999999997
./model.xml	obj	R_rxn01485_c0	optimal	1.0178443316135335e-17
./model.xml	obj	R_rxn01486_c0	optimal	3.5626405867271293e-17
./model.xml	obj	R_rxn01487_c0	optimal	0.06949000000001064
./model.xml	obj	R_rxn01489_c0	optimal	-2.459126705271927e-17
./model.xml	obj	R_rxn01506_c0	optimal	0.06949000000000004
./model.xml	obj	R_rxn01507_c0	optimal	0.06949000000000072
./model.xml	obj	R_rxn01509_c0	optimal	0.0694900000000158
./model.xml	obj	R_rxn01510_c0	optimal	0.06949000000000398
./model.xml	obj	R_rxn01512_c0	optimal	1.481258085981801e-17
./model.xml	obj	R_rxn01513_c0	optimal	-4.832757040799211e-16
./model.xml	obj	R_rxn01515_c0	optimal	0.06948999999999998
./model.xml	obj	R_rxn01516_c0	optimal	0.06948999999999982
./model.xml	obj	R_rxn01517_c0	optimal	2.9916441153591775e-17
./model.xml	obj	R_rxn01520_c0	optimal	-2.4109186869125644e-15
./model.xml	obj	R_rxn01521_c0	optimal	0.06949000000000026
./model.xml	obj	R_rxn01522_c0	optimal	0.06948999999999973
./model.xml	obj	R_rxn01537_c0	optimal	0.06948999999999994
./model.xml	obj	R_rxn01544_c0	optimal	0.06949000000001598
./model.xml	obj	R_rxn01545_c0	optimal	0.06949000000000018
./model.xml	obj	R_rxn01575_c0	optimal	3.190978885262886e-17
./model.xml	obj	R_rxn01602_c0	optimal	0.06948999999999994
./model.xml	obj	R_rxn01603_c0	optimal	-1.4068864055707052e-14
./model.xml	obj	R_rxn01629_c0	optimal	0.0
./model.xml	obj	R_rxn01636_c0	optimal	-1.0695036881648477e-16
./model.xml	obj	R_rxn01637_c0	optimal	2.3634467224483144e-17
./model.xml	obj	R_rxn01643_c0	optimal	0.0
./model.xml	obj	R_rxn01644_c0	optimal	0.06948999999999993
./model.xml	obj	R_rxn01652_c0	optimal	0.06948999999999741
./model.xml	obj	R_rxn01653_c0	optimal	0.06948999999999993
./model.xml	obj	R_rxn01669_c0	optimal	0.06948999999999993
./model.xml	obj	R_rxn01670_c0	optimal	0.0694900000000158
./model.xml	obj	R_rxn01672_c0	optimal	-2.825295336225662e-17
./model.xml	obj	R_rxn01673_c0	optimal	0.06948999999999976
./model.xml	obj	R_rxn01674_c0	optimal	0.0694900000000004
./model.xml	obj	R_rxn01675_c0	optimal	-8.708456757747951e-17
./model.xml	obj	R_rxn01678_c0	optimal	0.06948999999999989
./model.xml	obj	R_rxn01679_c0	optimal	0.06949000000000029
./model.xml	obj	R_rxn01682_c0	optimal	0.06949000000001578
./model.xml	obj	R_rxn01705_c0	optimal	0.06949000000000026
./model.xml	obj	R_rxn01706_c0	optimal	0.06948999999899642
./model.xml	obj	R_rxn01710_c0	optimal	0.06948999999999998
./model.xml	obj	R_rxn01715_c0	optimal	0.06948999999999893
./model.xml	obj	R_rxn01739_c0	optimal	-7.401596264003562e-16
./model.xml	obj	R_rxn01740_c0	optimal	-6.105418026882027e-17
./model.xml	obj	R_rxn01790_c0	optimal	-3.4698198892000275e-17
./model.xml	obj	R_rxn01791_c0	optimal	1.7346485835095592e-17
./model.xml	obj	R_rxn01802_c0	optimal	0.06949000000000105
./model.xml	obj	R_rxn01827_c0	optimal	0.06948999999999976
./model.xml	obj	R_rxn01833_c0	optimal	0.06949
./model.xml	obj	R_rxn01834_c0	optimal	0.06948999999899642
./model.xml	obj	R_rxn01851_c0	optimal	0.06949000000000012
./model.xml	obj	R_rxn01858_c0	optimal	0.06949000000000002
./model.xml	obj	R_rxn01870_c0	optimal	0.06949000000000019
./model.xml	obj	R_rxn01871_c0	optimal	0.06948999999999995
./model.xml	obj	R_rxn01917_c0	optimal	1.8123896756792486e-15
./model.xml	obj	R_rxn01961_c0	optimal	0.06948999999999983
./model.xml	obj	R_rxn01962_c0	optimal	0.06949000000000141
./model.xml	obj	R_rxn01964_c0	optimal	0.0694900000000014
./model.xml	obj	R_rxn01966_c0	optimal	0.06948999999999951
./model.xml	obj	R_rxn01967_c0	optimal	9.662210360493633e-17
./model.xml	obj	R_rxn01974_c0	optimal	0.06948999999999991
./model.xml	obj	R_rxn01987_c0	optimal	0.06948999999999235
./model.xml	obj	R_rxn01997_c0	optimal	-2.2077345608303478e-17
./model.xml	obj	R_rxn02000_c0	optimal	-1.520592483194323e-15
./model.xml	obj	R_rxn02003_c0	optimal	-1.581523898100782e-16
./model.xml	obj	R_rxn02007_c0	optimal	0.06948999999999997
./model.xml	obj	R_rxn02008_c0	optimal	2.3941992661721427e-16
./model.xml	obj	R_rxn02011_c0	optimal	2.911016135136445e-17
./model.xml	obj	R_rxn02021_c0	optimal	0.06948999999999994
./model.xml	obj	R_rxn02056_c0	optimal	-1.3974998611694594e-15
./model.xml	obj	R_rxn02090_c0	optimal	0.06949
./model.xml	obj	R_rxn02104_c0	optimal	0.0694899999999999
./model.xml	obj	R_rxn02128_c0	optimal	0.06949000000000033
./model.xml	obj	R_rxn02155_c0	optimal	0.06948999999999983
./model.xml	obj	R_rxn02159_c0	optimal	-3.659373192469578e-17
./model.xml	obj	R_rxn02160_c0	optimal	2.616670186791785e-17
./model.xml	obj	R_rxn02166_c0	optimal	0.06949000000000141
./model.xml	obj	R_rxn02175_c0	optimal	-6.667253216429153e-17
./model.xml	obj	R_rxn02177_c0	optimal	0.06949000000000106
./model.xml	obj	R_rxn02185_c0	optimal	5.801907115582191e-16
./model.xml	obj	R_rxn02186_c0	optimal	-1.1506313802152991e-16
./model.xml	obj	R_rxn02200_c0	optimal	0.06948999999999983
./model.xml	obj	R_rxn02201_c0	optimal	0.06949000000000824
./model.xml	obj	R_rxn02212_c0	optimal	5.017256215446192e-17
./model.xml	obj	R_rxn02213_c0	optimal	2.9916441153591775e-17
./model.xml	obj	R_rxn02264_c0	optimal	-2.260585967441896e-16
./model.xml	obj	R_rxn02277_c0	optimal	9.547725107856411e-17
./model.xml	obj	R_rxn02285_c0	optimal	2.3277251833589315e-17
./model.xml	obj	R_rxn02286_c0	optimal	-1.4346758197981233e-16
./model.xml	obj	R_rxn02288_c0	optimal	-1.733075948202877e-17
./model.xml	obj	R_rxn02297_c0	optimal	0.06948999999999524
./model.xml	obj	R_rxn02303_c0	optimal	4.8826138289094755e-16
./model.xml	obj	R_rxn02304_c0	optimal	1.1139418131136598e-14
./model.xml	obj	R_rxn02305_c0	optimal	2.9916441153591775e-17
./model.xml	obj	R_rxn02312_c0	optimal	0.0
./model.xml	obj	R_rxn02314_c0	optimal	0.06949000000000002
./model.xml	obj	R_rxn02320_c0	optimal	-2.000761473906898e-17
./model.xml	obj	R_rxn02331_c0	optimal	-5.657246747002465e-17
./model.xml	obj	R_rxn02341_c0	optimal	-1.9447274051883375e-16
./model.xml	obj	R_rxn02342_c0	optimal	0.06949000000000026
./model.xml	obj	R_rxn02373_c0	optimal	0.0694900000000014
./model.xml	obj	R_rxn02374_c0	optimal	0.06948999999999993
./model.xml	obj	R_rxn02380_c0	optimal	0.0
./model.xml	obj	R_rxn02400_c0	optimal	0.06948999999999972
./model.xml	obj	R_rxn02402_c0	optimal	1.6438604207784182e-12
./model.xml	obj	R_rxn02404_c0	optimal	1.2742125553580884e-17
./model.xml	obj	R_rxn02405_c0	optimal	-1.5769532577359628e-18
./model.xml	obj	R_rxn02465_c0	optimal	-1.1002832775688034e-16
./model.xml	obj	R_rxn02473_c0	optimal	0.0
./model.xml	obj	R_rxn02474_c0	optimal	0.06949000000000076
./model.xml	obj	R_rxn02475_c0	optimal	0.06949000000000002
./model.xml	obj	R_rxn02476_c0	optimal	-3.195777416348267e-17
./model.xml	obj	R_rxn02484_c0	optimal	0.06948999999999649
./model.xml	obj	R_rxn02503_c0	optimal	0.0694900000000158
./model.xml	obj	R_rxn02504_c0	optimal	7.856708008408241e-17
./model.xml	obj	R_rxn02507_c0	optimal	3.575308425918161e-17
./model.xml	obj	R_rxn02508_c0	optimal	2.7744699174787487e-16
./model.xml	obj	R_rxn02517_c0	optimal	0.06948999999999994
./model.xml	obj	R_rxn02518_c0	optimal	0.06948999999999983
./model.xml	obj	R_rxn02529_c0	optimal	0.06948999999999898
./model.xml	obj	R_rxn02569_c0	optimal	0.0694899999999997
./model.xml	obj	R_rxn02663_c0	optimal	0.06949000000001063
./model.xml	obj	R_rxn02679_c0	optimal	0.06948999999999983
./model.xml	obj	R_rxn02716_c0	optimal	0.06948999999999993
./model.xml	obj	R_rxn02720_c0	optimal	0.06949000000000018
./model.xml	obj	R_rxn02733_c0	optimal	0.0694899999999999
./model.xml	obj	R_rxn02761_c0	optimal	0.06948999999999998
./model.xml	obj	R_rxn02774_c0	optimal	-3.1484325001260476e-17
./model.xml	obj	R_rxn02782_c0	optimal	0.06948999999999919
./model.xml	obj	R_rxn02789_c0	optimal	2.264858707456473e-16
./model.xml	obj	R_rxn02791_c0	optimal	0.06949000000000025
./model.xml	obj	R_rxn02792_c0	optimal	0.06948999999999962
./model.xml	obj	R_rxn02803_c0	optimal	0.06948999999999976
./model.xml	obj	R_rxn02811_c0	optimal	-2.3743292326763434e-17
./model.xml	obj	R_rxn02831_c0	optimal	1.8137775587776278e-16
./model.xml	obj	R_rxn02832_c0	optimal	1.6742045593160273e-16
./model.xml	obj	R_rxn02834_c0	optimal	-1.10431754797701e-17
./model.xml	obj	R_rxn02835_c0	optimal	3.16176167907598e-17
./model.xml	obj	R_rxn02853_c0	optimal	0.06948999999999993
./model.xml	obj	R_rxn02895_c0	optimal	2.170351983207534e-15
./model.xml	obj	R_rxn02897_c0	optimal	1.2995806832861483e-16
./model.xml	obj	R_rxn02898_c0	optimal	1.167777331884041e-16
./model.xml	obj	R_rxn02916_c0	optimal	0.06948999999999998
./model.xml	obj	R_rxn02929_c0	optimal	0.06948999999999994
./model.xml	obj	R_rxn02933_c0	optimal	0.06949000000000105
./model.xml	obj	R_rxn02937_c0	optimal	1.8045129152649035e-15
./model.xml	obj	R_rxn02945_c0	optimal	-2.459126705271927e-17
./model.xml	obj	R_rxn02959_c0	optimal	0.06949000000000072
./model.xml	obj	R_rxn02985_c0	optimal	0.06949
./model.xml	obj	R_rxn02986_c0	optimal	0.06948999999999968
./model.xml	obj	R_rxn02988_c0	optimal	-2.009996587275097e-13
./model.xml	obj	R_rxn02989_c0	optimal	0.06948999999999994
./model.xml	obj	R_rxn03004_c0	optimal	0.0694899999999996
./model.xml	obj	R_rxn03005_c0	optimal	0.06948999999994232
./model.xml	obj	R_rxn03012_c0	optimal	0.06948999999999975
./model.xml	obj	R_rxn03039_c0	optimal	0.06948999999999989
./model.xml	obj	R_rxn03047_c0	optimal	0.06949000000000824
./model.xml	obj	R_rxn03057_c0	optimal	0.06948999999999741
./model.xml	obj	R_rxn03062_c0	optimal	2.5953294933471474e-17
./model.xml	obj	R_rxn03068_c0	optimal	0.06948999999999945
./model.xml	obj	R_rxn03080_c0	optimal	0.06948999999999982
./model.xml	obj	R_rxn03084_c0	optimal	7.171006832671551e-15
./model.xml	obj	R_rxn03108_c0	optimal	-6.185151561613093e-18
./model.xml	obj	R_rxn03130_c0	optimal	-3.008724123818406e-17
./model.xml	obj	R_rxn03135_c0	optimal	-2.0500392350567515e-17
./model.xml	obj	R_rxn03136_c0	optimal	-1.2399765016486506e-14
./model.xml	obj	R_rxn03137_c0	optimal	-5.688845430883643e-15
./model.xml	obj	R_rxn03141_c0	optimal	0.06949000000000008
./model.xml	obj	R_rxn03146_c0	optimal	0.0
./model.xml	obj	R_rxn03147_c0	optimal	-2.2838017392190335e-15
./model.xml	obj	R_rxn03150_c0	optimal	2.9916441153591775e-17
./model.xml	obj	R_rxn03159_c0	optimal	5.355775099611946e-17
./model.xml	obj	R_rxn03164_c0	optimal	-2.346593468021535e-17
./model.xml	obj	R_rxn03167_c0	optimal	-4.009951339798588e-15
./model.xml	obj	R_rxn03174_c0	optimal	0.06948999999999896
./model.xml	obj	R_rxn03175_c0	optimal	1.8746308284334035e-17
./model.xml	obj	R_rxn03181_c0	optimal	-3.163047796201564e-16
./model.xml	obj	R_rxn03182_c0	optimal	-5.5193364020758696e-18
./model.xml	obj	R_rxn03194_c0	optimal	0.06949
./model.xml	obj	R_rxn03236_c0	optimal	0.06948999999999982
./model.xml	obj	R_rxn03249_c0	optimal	0.06948999999999994
./model.xml	obj	R_rxn03251_c0	optimal	0.06949000000000141
./model.xml	obj	R_rxn03253_c0	optimal	0.06948999999999977
./model.xml	obj	R_rxn03264_c0	optimal	0.06949000000000023
./model.xml	obj	R_rxn03269_c0	optimal	0.06948999999999972
./model.xml	obj	R_rxn03384_c0	optimal	0.06948999999999896
./model.xml	obj	R_rxn03393_c0	optimal	1.3523969670137392e-15
./model.xml	obj	R_rxn03395_c0	optimal	-1.1871487676103316e-16
./model.xml	obj	R_rxn03396_c0	optimal	-1.5527076968482016e-17
./model.xml	obj	R_rxn03397_c0	optimal	-2.7122835227767235e-15
./model.xml	obj	R_rxn03406_c0	optimal	0.06948999999999984
./model.xml	obj	R_rxn03407_c0	optimal	0.06948999999999896
./model.xml	obj	R_rxn03408_c0	optimal	1.2794254444867852e-16
./model.xml	obj	R_rxn03409_c0	optimal	0.06948999999999998
./model.xml	obj	R_rxn03419_c0	optimal	0.06948999999999741
./model.xml	obj	R_rxn03421_c0	optimal	0.06949000000000141
./model.xml	obj	R_rxn03435_c0	optimal	2.7068942516561166e-16
./model.xml	obj	R_rxn03436_c0	optimal	-2.4109186869125644e-15
./model.xml	obj	R_rxn03437_c0	optimal	1.3614843243788314e-17
./model.xml	obj	R_rxn03439_c0	optimal	-5.5250060212198865e-18
./model.xml	obj	R_rxn03446_c0	optimal	0.06948999999999983
./model.xml	obj	R_rxn03504_c0	optimal	0.06949000000000002
./model.xml	obj	R_rxn03511_c0	optimal	-3.163047796201564e-16
./model.xml	obj	R_rxn03535_c0	optimal	0.06948999999999991
./model.xml	obj	R_rxn03536_c0	optimal	0.06948999999999998
./model.xml	obj	R_rxn03537_c0	optimal	-4.958724845948978e-16
./model.xml	obj	R_rxn03538_c0	optimal	-1.304475274410415e-14
./model.xml	obj	R_rxn03540_c0	optimal	0.06948999999997
./model.xml	obj	R_rxn03542_c0	optimal	0.06949000000001575
./model.xml	obj	R_rxn03638_c0	optimal	-4.0350015127693675e-17
./model.xml	obj	R_rxn03646_c0	optimal	0.06949000000000018
./model.xml	obj	R_rxn03841_c0	optimal	-6.614505256559458e-17
./model.xml	obj	R_rxn03843_c0	optimal	8.036395623042738e-16
./model.xml	obj	R_rxn03852_c0	optimal	0.06948999999999972
./model.xml	obj	R_rxn03884_c0	optimal	0.06949000000000824
./model.xml	obj	R_rxn03893_c0	optimal	0.0
./model.xml	obj	R_rxn03901_c0	optimal	2.9916441153591775e-17
./model.xml	obj	R_rxn03903_c0	optimal	0.06949000000000105
./model.xml	obj	R_rxn03904_c0	optimal	-1.1912987838314774e-17
./model.xml	obj	R_rxn03907_c0	optimal	1.8224260413651838e-16
./model.xml	obj	R_rxn03908_c0	optimal	2.986108252460648e-17
./model.xml	obj	R_rxn03909_c0	optimal	-1.2174227465723059e-16
./model.xml	obj	R_rxn03910_c0	optimal	1.2794254444867852e-16
./model.xml	obj	R_rxn03916_c0	optimal	2.5437153238807286e-32
./model.xml	obj	R_rxn03917_c0	optimal	-3.0143520735681204e-31
./model.xml	obj	R_rxn03918_c0	optimal	-1.08666747448525e-16
./model.xml	obj	R_rxn03919_c0	optimal	2.911016135136445e-17
./model.xml	obj	R_rxn03933_c0	optimal	0.06949000000005329
./model.xml	obj	R_rxn03951_c0	optimal	0.06949000000000037
./model.xml	obj	R_rxn03958_c0	optimal	1.2718576619402332e-32
./model.xml	obj	R_rxn03962_c0	optimal	0.06949000000000007
./model.xml	obj	R_rxn04045_c0	optimal	0.06948999999999994
./model.xml	obj	R_rxn04046_c0	optimal	0.06949000000000008
./model.xml	obj	R_rxn04047_c0	optimal	0.06949000000000002
./model.xml	obj	R_rxn04048_c0	optimal	0.06949000000000004
./model.xml	obj	R_rxn04050_c0	optimal	0.06948999999999997
./model.xml	obj	R_rxn04052_c0	optimal	0.0694899999999423
./model.xml	obj	R_rxn04070_c0	optimal	0.06948999999999997
./model.xml	obj	R_rxn04113_c0	optimal	0.06949
./model.xml	obj	R_rxn04132_c0	optimal	0.06948999999999907
./model.xml	obj	R_rxn04133_c0	optimal	0.06948999999999989
./model.xml	obj	R_rxn04139_c0	optimal	-1.0250196175283758e-17
./model.xml	obj	R_rxn04152_c0	optimal	0.06948999999999998
./model.xml	obj	R_rxn04153_c0	optimal	0.0694900000000014
./model.xml	obj	R_rxn04154_c0	optimal	0.06949000000000029
./model.xml	obj	R_rxn04159_c0	optimal	0.06948999999999896
./model.xml	obj	R_rxn04161_c0	optimal	0.06948999999999991
./model.xml	obj	R_rxn04162_c0	optimal	0.0694900000000004
./model.xml	obj	R_rxn04308_c0	optimal	-2.9778725271682958e-15
./model.xml	obj	R_rxn04384_c0	optimal	0.06948999999999976
./model.xml	obj	R_rxn04385_c0	optimal	0.06948999999999973
./model.xml	obj	R_rxn04413_c0	optimal	0.06948999999999983
./model.xml	obj	R_rxn04453_c0	optimal	0.06949000000000033
./model.xml	obj	R_rxn04457_c0	optimal	0.06948999999993943
./model.xml	obj	R_rxn04705_c0	optimal	0.0694900000000046
./model.xml	obj	R_rxn04750_c0	optimal	0.06949000000000018
./model.xml	obj	R_rxn04783_c0	optimal	-1.73227227827278e-16
./model.xml	obj	R_rxn04791_c0	optimal	0.06948999999999962
./model.xml	obj	R_rxn04792_c0	optimal	0.06948999999999128
./model.xml	obj	R_rxn04938_c0	optimal	0.06948999999994232
./model.xml	obj	R_rxn05005_c0	optimal	7.232885473262542e-18
./model.xml	obj	R_rxn05006_c0	optimal	9.481660792970616e-17
./model.xml	obj	R_rxn05024_c0	optimal	0.0694900000000158
./model.xml	obj	R_rxn05029_c0	optimal	3.1401156364921575e-17
./model.xml	obj	R_rxn05034_c0	optimal	0.06948999999999982
./model.xml	obj	R_rxn05040_c0	optimal	0.06949000000000004
./model.xml	obj	R_rxn05054_c0	optimal	0.06949000000000002
./model.xml	obj	R_rxn05064_c0	optimal	0.06948999999999986
./model.xml	obj	R_rxn05109_c0	optimal	0.06949000000000108
./model.xml	obj	R_rxn05114_c0	optimal	-2.1711253124886182e-15
./model.xml	obj	R_rxn05115_c0	optimal	5.676553826262386e-15
./model.xml	obj	R_rxn05120_c0	optimal	0.06949000000000088
./model.xml	obj	R_rxn05144_c0	optimal	2.737874313490906e-16
./model.xml	obj	R_rxn05145_c0	optimal	0.0694900000000005
./model.xml	obj	R_rxn05148_c0	optimal	0.06949000000000527
./model.xml	obj	R_rxn05149_c0	optimal	-2.231941702049227e-16
./model.xml	obj	R_rxn05150_c0	optimal	0.06948999999999995
./model.xml	obj	R_rxn05153_c0	optimal	0.06948999999999997
./model.xml	obj	R_rxn05155_c0	optimal	0.0694900000000046
./model.xml	obj	R_rxn05157_c0	optimal	0.06948999999999982
./model.xml	obj	R_rxn05161_c0	optimal	0.06949000000001063
./model.xml	obj	R_rxn05163_c0	optimal	0.06948999999999997
./model.xml	obj	R_rxn05168_c0	optimal	0.06948999999999998
./model.xml	obj	R_rxn05170_c0	optimal	0.06948999999999982
./model.xml	obj	R_rxn05174_c0	optimal	0.0694900000000158
./model.xml	obj	R_rxn05175_c0	optimal	0.06949000000000018
./model.xml	obj	R_rxn05176_c0	optimal	0.06949000000000029
./model.xml	obj	R_rxn05179_c0	optimal	0.06948999999999994
./model.xml	obj	R_rxn05188_c0	optimal	0.0694900000000002
./model.xml	obj	R_rxn05189_c0	optimal	0.06948999999999983
./model.xml	obj	R_rxn05195_c0	optimal	0.06948999999999994
./model.xml	obj	R_rxn05202_c0	optimal	0.06949000000000108
./model.xml	obj	R_rxn05206_c0	optimal	0.06949000000000034
./model.xml	obj	R_rxn05209_c0	optimal	0.06949000000001064
./model.xml	obj	R_rxn05217_c0	optimal	0.06948999999999968
./model.xml	obj	R_rxn05223_c0	optimal	0.06948999999999951
./model.xml	obj	R_rxn05226_c0	optimal	0.0694900000000046
./model.xml	obj	R_rxn05232_c0	optimal	-1.628394920499998e-15
./model.xml	obj	R_rxn05233_c0	optimal	3.412019395341287e-16
./model.xml	obj	R_rxn05235_c0	optimal	3.163047796201564e-16
./model.xml	obj	R_rxn05239_c0	optimal	0.06948999999999994
./model.xml	obj	R_rxn05243_c0	optimal	0.0694900000000006
./model.xml	obj	R_rxn05244_c0	optimal	0.06948999999999896
./model.xml	obj	R_rxn05247_c0	optimal	0.06949000000000141
./model.xml	obj	R_rxn05248_c0	optimal	0.06949000000000018
./model.xml	obj	R_rxn05249_c0	optimal	0.06948999999999983
./model.xml	obj	R_rxn05250_c0	optimal	0.06949000000000076
./model.xml	obj	R_rxn05251_c0	optimal	0.06949000000000008
./model.xml	obj	R_rxn05252_c0	optimal	0.0694899999999996
./model.xml	obj	R_rxn05255_c0	optimal	0.06948999999999982
./model.xml	obj	R_rxn05256_c0	optimal	0.06948999999999986
./model.xml	obj	R_rxn05289_c0	optimal	0.06949
./model.xml	obj	R_rxn05297_c0	optimal	0.06949000000000012
./model.xml	obj	R_rxn05298_c0	optimal	0.06949000000000001
./model.xml	obj	R_rxn05299_c0	optimal	0.06949000000001063
./model.xml	obj	R_rxn05300_c0	optimal	0.06949000000000019
./model.xml	obj	R_rxn05301_c0	optimal	0.06948999999999962
./model.xml	obj	R_rxn05303_c0	optimal	0.06949000000000001
./model.xml	obj	R_rxn05305_c0	optimal	0.06949000000000037
./model.xml	obj	R_rxn05306_c0	optimal	0.06949000000000007
./model.xml	obj	R_rxn05307_c0	optimal	0.0694899999999423
./model.xml	obj	R_rxn05308_c0	optimal	0.06948999999924238
./model.xml	obj	R_rxn05310_c0	optimal	0.06949000000000026
./model.xml	obj	R_rxn05312_c0	optimal	0.06949000000000026
./model.xml	obj	R_rxn05313_c0	optimal	0.06948999999999954
./model.xml	obj	R_rxn05315_c0	optimal	0.06949000000000005
./model.xml	obj	R_rxn05319_c0	infeasible	NaN
./model.xml	obj	R_rxn05322_c0	optimal	-7.279173505546912e-16
./model.xml	obj	R_rxn05323_c0	optimal	0.0694899999999996
./model.xml	obj	R_rxn05324_c0	optimal	-1.2551632645757061e-15
./model.xml	obj	R_rxn05325_c0	optimal	-8.116151643815372e-17
./model.xml	obj	R_rxn05326_c0	optimal	-1.3205304078925052e-16
./model.xml	obj	R_rxn05327_c0	optimal	-4.011145339777801e-18
./model.xml	obj	R_rxn05328_c0	optimal	0.06948999999999993
./model.xml	obj	R_rxn05329_c0	optimal	0.0
./model.xml	obj	R_rxn05330_c0	optimal	-3.678320210444761e-17
./model.xml	obj	R_rxn05331_c0	optimal	-2.4109186869125644e-15
./model.xml	obj	R_rxn05332_c0	optimal	0.06948999999999983
./model.xml	obj	R_rxn05333_c0	optimal	9.640598109559687e-18
./model.xml	obj	R_rxn05334_c0	optimal	7.572000202345962e-18
./model.xml	obj	R_rxn05336_c0	optimal	0.0694899999999999
./model.xml	obj	R_rxn05337_c0	optimal	-3.4698198892000275e-17
./model.xml	obj	R_rxn05338_c0	optimal	1.1827149433019721e-17
./model.xml	obj	R_rxn05339_c0	optimal	2.542592108049452e-16
./model.xml	obj	R_rxn05340_c0	optimal	8.132066999506673e-16
./model.xml	obj	R_rxn05341_c0	optimal	2.2510677883031557e-16
./model.xml	obj	R_rxn05342_c0	optimal	-1.5263545067205067e-17
./model.xml	obj	R_rxn05343_c0	optimal	-9.368771117413473e-14
./model.xml	obj	R_rxn05344_c0	optimal	0.06948999999999997
./model.xml	obj	R_rxn05345_c0	optimal	-6.98150805859278e-17
./model.xml	obj	R_rxn05346_c0	optimal	3.8445365439470094e-17
./model.xml	obj	R_rxn05347_c0	optimal	0.06948999999999979
./model.xml	obj	R_rxn05348_c0	optimal	-1.0602671410555019e-16
./model.xml	obj	R_rxn05349_c0	optimal	0.06949000000000143
./model.xml	obj	R_rxn05350_c0	optimal	-1.581523898100782e-16
./model.xml	obj	R_rxn05360_c0	optimal	0.06948999999999986
./model.xml	obj	R_rxn05361_c0	optimal	0.06948999999999997
./model.xml	obj	R_rxn05364_c0	optimal	0.06948999999999983
./model.xml	obj	R_rxn05368_c0	optimal	0.06949000000000015
./model.xml	obj	R_rxn05372_c0	optimal	0.06948999999999979
./model.xml	obj	R_rxn05373_c0	optimal	0.06948999999999993
./model.xml	obj	R_rxn05376_c0	optimal	0.06949000000000018
./model.xml	obj	R_rxn05380_c0	optimal	0.0694899999999999
./model.xml	obj	R_rxn05381_c0	optimal	0.06949000000000033
./model.xml	obj	R_rxn05385_c0	optimal	0.06949000000000108
./model.xml	obj	R_rxn05386_c0	optimal	0.06948999999999994
./model.xml	obj	R_rxn05389_c0	optimal	0.06948999999999952
./model.xml	obj	R_rxn05390_c0	optimal	0.06948999999999994
./model.xml	obj	R_rxn05393_c0	optimal	0.06948999999999994
./model.xml	obj	R_rxn05398_c0	optimal	0.06948999999999989
./model.xml	obj	R_rxn05401_c0	optimal	0.06949000000000004
./model.xml	obj	R_rxn05405_c0	optimal	0.06949000000000015
./model.xml	obj	R_rxn05406_c0	optimal	0.06948999999999896
./model.xml	obj	R_rxn05410_c0	optimal	0.06949000000000037
./model.xml	obj	R_rxn05414_c0	optimal	0.06949000000000398
./model.xml	obj	R_rxn05418_c0	optimal	0.06948999999999994
./model.xml	obj	R_rxn05422_c0	optimal	0.06948999999999994
./model.xml	obj	R_rxn05426_c0	optimal	0.06948999999999973
./model.xml	obj	R_rxn05430_c0	optimal	0.06948999999999945
./model.xml	obj	R_rxn05433_c0	optimal	0.06948999999999993
./model.xml	obj	R_rxn05434_c0	optimal	0.06949000000000044
./model.xml	obj	R_rxn05435_c0	optimal	0.06948999999999983
./model.xml	obj	R_rxn05436_c0	optimal	0.0694900000000158
./model.xml	obj	R_rxn05437_c0	optimal	0.06949000000000007
./model.xml	obj	R_rxn05438_c0	optimal	0.06948999999999994
./model.xml	obj	R_rxn05439_c0	optimal	0.06948999999999976
./model.xml	obj	R_rxn05440_c0	optimal	0.06948999999999962
./model.xml	obj	R_rxn05441_c0	optimal	0.06948999999999982
./model.xml	obj	R_rxn05442_c0	optimal	0.06948999999999993
./model.xml	obj	R_rxn05443_c0	optimal	0.06948999999999998
./model.xml	obj	R_rxn05444_c0	optimal	0.0694900000000014
./model.xml	obj	R_rxn05445_c0	optimal	0.0694899999999423
./model.xml	obj	R_rxn05446_c0	optimal	0.06948999999999879
./model.xml	obj	R_rxn05447_c0	optimal	0.06948999999999997
./model.xml	obj	R_rxn05448_c0	optimal	0.06949000000001064
./model.xml	obj	R_rxn05449_c0	optimal	0.06949000000000018
./model.xml	obj	R_rxn05450_c0	optimal	0.06949000000000018
./model.xml	obj	R_rxn05457_c0	optimal	0.0
./model.xml	obj	R_rxn05458_c0	optimal	0.06949000000000292
./model.xml	obj	R_rxn05459_c0	optimal	0.06949000000000026
./model.xml	obj	R_rxn05460_c0	optimal	0.06949000000000008
./model.xml	obj	R_rxn05461_c0	optimal	0.06948999999999994
./model.xml	obj	R_rxn05462_c0	optimal	0.06948999999999962
./model.xml	obj	R_rxn05465_c0	optimal	1.334549145509167e-16
./model.xml	obj	R_rxn05466_c0	optimal	0.06949000000000004
./model.xml	obj	R_rxn05467_c0	optimal	1.0600854791439781e-15
./model.xml	obj	R_rxn05468_c0	optimal	0.06948999999999994
./model.xml	obj	R_rxn05496_c0	optimal	0.06948999999999982
./model.xml	obj	R_rxn05508_c0	optimal	0.0694899999999423
./model.xml	obj	R_rxn05514_c0	optimal	1.523696996155844e-17
./model.xml	obj	R_rxn05516_c0	optimal	0.06949000000000007
./model.xml	obj	R_rxn05517_c0	optimal	0.0694900000000158
./model.xml	obj	R_rxn05527_c0	optimal	0.06948999999999973
./model.xml	obj	R_rxn05528_c0	optimal	0.06948999999999979
./model.xml	obj	R_rxn05533_c0	optimal	0.06948999999999995
./model.xml	obj	R_rxn05534_c0	optimal	0.06948999999999977
./model.xml	obj	R_rxn05535_c0	optimal	0.06948999999999994
./model.xml	obj	R_rxn05536_c0	optimal	0.06949000000000008
./model.xml	obj	R_rxn05537_c0	optimal	0.06948999999999994
./model.xml	obj	R_rxn05538_c0	optimal	0.06948999999999997
./model.xml	obj	R_rxn05539_c0	optimal	0.06949000000000398
./model.xml	obj	R_rxn05540_c0	optimal	0.0694900000000158
./model.xml	obj	R_rxn05541_c0	optimal	0.06949000000000004
./model.xml	obj	R_rxn05542_c0	optimal	0.06948999999999898
./model.xml	obj	R_rxn05543_c0	optimal	0.06948999999999993
./model.xml	obj	R_rxn05544_c0	optimal	0.06949000000000143
./model.xml	obj	R_rxn05545_c0	optimal	0.06949000000000105
./model.xml	obj	R_rxn05546_c0	optimal	0.06948999999999989
./model.xml	obj	R_rxn05547_c0	optimal	0.06948999999999896
./model.xml	obj	R_rxn05557_c0	optimal	0.0694899999999999
./model.xml	obj	R_rxn05582_c0	optimal	0.06948999999999836
./model.xml	obj	R_rxn05602_c0	optimal	0.06948999999999994
./model.xml	obj	R_rxn05608_c0	optimal	0.06949000000001575
./model.xml	obj	R_rxn05616_c0	optimal	0.06948999999999979
./model.xml	obj	R_rxn05627_c0	optimal	-2.279152112198811e-15
./model.xml	obj	R_rxn05638_c0	optimal	0.06949000000000005
./model.xml	obj	R_rxn05645_c0	optimal	0.06948999999999879
./model.xml	obj	R_rxn05651_c0	optimal	0.06948999999999951
./model.xml	obj	R_rxn05652_c0	optimal	0.06948999999999896
./model.xml	obj	R_rxn05655_c0	optimal	0.06948999999999793
./model.xml	obj	R_rxn05663_c0	optimal	0.06948999999999979
./model.xml	obj	R_rxn05669_c0	optimal	0.06948999999999994
./model.xml	obj	R_rxn05687_c0	optimal	0.06948999999999984
./model.xml	obj	R_rxn05733_c0	optimal	0.06949000000000001
./model.xml	obj	R_rxn05734_c0	optimal	0.06949
./model.xml	obj	R_rxn05735_c0	optimal	0.06949
./model.xml	obj	R_rxn05736_c0	optimal	-1.1871487676103316e-16
./model.xml	obj	R_rxn05740_c0	optimal	0.06948999999999836
./model.xml	obj	R_rxn05744_c0	optimal	7.770065184261073e-18
./model.xml	obj	R_rxn05746_c0	optimal	7.631772533602533e-18
./model.xml	obj	R_rxn05893_c0	optimal	0.06949000000000527
./model.xml	obj	R_rxn05902_c0	optimal	4.403550861662783e-17
./model.xml	obj	R_rxn05937_c0	optimal	2.2192638345351338e-16
./model.xml	obj	R_rxn06023_c0	optimal	0.0
./model.xml	obj	R_rxn06077_c0	optimal	0.06948999999999962
./model.xml	obj	R_rxn06299_c0	optimal	0.06949000000000105
./model.xml	obj	R_rxn06377_c0	optimal	3.603413854282521e-15
./model.xml	obj	R_rxn06445_c0	optimal	0.06949000000000004
./model.xml	obj	R_rxn06493_c0	optimal	1.4513696471901777e-15
./model.xml	obj	R_rxn06591_c0	optimal	2.208870300173671e-16
./model.xml	obj	R_rxn06600_c0	optimal	5.0084185399479205e-16
./model.xml	obj	R_rxn06672_c0	optimal	0.06948999999999994
./model.xml	obj	R_rxn06673_c0	optimal	0.06948999999999989
./model.xml	obj	R_rxn06723_c0	optimal	-1.581523898100782e-16
./model.xml	obj	R_rxn06729_c0	optimal	1.8981806548314309e-16
./model.xml	obj	R_rxn06848_c0	optimal	-3.7353696485120644e-16
./model.xml	obj	R_rxn06864_c0	optimal	0.06949000000000292
./model.xml	obj	R_rxn06865_c0	optimal	-1.5748102053465544e-18
./model.xml	obj	R_rxn06937_c0	optimal	9.417651120752205e-18
./model.xml	obj	R_rxn06979_c0	optimal	0.06948999999999973
./model.xml	obj	R_rxn07341_c0	optimal	-2.459126705271927e-17
./model.xml	obj	R_rxn07342_c0	optimal	-2.459126705271927e-17
./model.xml	obj	R_rxn07343_c0	optimal	9.640598109559687e-18
./model.xml	obj	R_rxn07436_c0	optimal	0.06948999999999964
./model.xml	obj	R_rxn07441_c0	optimal	0.06948999999999966
./model.xml	obj	R_rxn07466_c0	optimal	0.06949000000000012
./model.xml	obj	R_rxn07584_c0	optimal	0.06949000000001575
./model.xml	obj	R_rxn07586_c0	optimal	0.06948999999999898
./model.xml	obj	R_rxn07587_c0	optimal	0.06948999999999962
./model.xml	obj	R_rxn07588_c0	optimal	0.06949000000000005
./model.xml	obj	R_rxn07589_c0	optimal	0.06948999999999993
./model.xml	obj	R_rxn07976_c0	optimal	0.06948999999999979
./model.xml	obj	R_rxn07977_c0	optimal	0.06948999999999989
./model.xml	obj	R_rxn07979_c0	optimal	0.06948999999999998
./model.xml	obj	R_rxn08015_c0	optimal	0.06949000000000008
./model.xml	obj	R_rxn08017_c0	optimal	0.06948999999994232
./model.xml	obj	R_rxn08020_c0	optimal	0.06948999999999994
./model.xml	obj	R_rxn08021_c0	optimal	0.06949000000001063
./model.xml	obj	R_rxn08040_c0	optimal	0.0694900000000001
./model.xml	obj	R_rxn08043_c0	optimal	0.06948999999999994
./model.xml	obj	R_rxn08044_c0	optimal	0.06948999999999994
./model.xml	obj	R_rxn08073_c0	optimal	0.06949
./model.xml	obj	R_rxn08076_c0	optimal	0.06948999999999986
./model.xml	obj	R_rxn08078_c0	optimal	0.06949000000000002
./model.xml	obj	R_rxn08084_c0	optimal	0.06949000000000007
./model.xml	obj	R_rxn08088_c0	optimal	2.255948045225816e-16
./model.xml	obj	R_rxn08089_c0	optimal	0.06948999999999994
./model.xml	obj	R_rxn08098_c0	optimal	0.06948999999999979
./model.xml	obj	R_rxn08123_c0	optimal	0.06948999999999993
./model.xml	obj	R_rxn08124_c0	optimal	0.06949000000000004
./model.xml	obj	R_rxn08126_c0	optimal	1.6394051300601432e-16
./model.xml	obj	R_rxn08127_c0	optimal	0.06948999999999898
./model.xml	obj	R_rxn08128_c0	optimal	0.06948999999999997
./model.xml	obj	R_rxn08129_c0	optimal	0.06949000000001598
./model.xml	obj	R_rxn08130_c0	optimal	8.9945850113005e-17
./model.xml	obj	R_rxn08131_c0	optimal	-1.1912987838314774e-17
./model.xml	obj	R_rxn08136_c0	optimal	0.06948999999999994
./model.xml	obj	R_rxn08192_c0	optimal	0.06948999999999896
./model.xml	obj	R_rxn08234_c0	optimal	3.614085683867791e-18
./model.xml	obj	R_rxn08241_c0	optimal	-1.185050864438511e-16
./model.xml	obj	R_rxn08294_c0	optimal	0.06948999999999994
./model.xml	obj	R_rxn08295_c0	optimal	0.06948999999999986
./model.xml	obj	R_rxn08296_c0	optimal	0.06949000000000106
./model.xml	obj	R_rxn08297_c0	optimal	0.06948999999999993
./model.xml	obj	R_rxn08298_c0	optimal	0.06948999999999982
./model.xml	obj	R_rxn08299_c0	optimal	0.06948999999999962
./model.xml	obj	R_rxn08300_c0	optimal	0.06948999999999896
./model.xml	obj	R_rxn08306_c0	optimal	0.06949000000000205
./model.xml	obj	R_rxn08307_c0	optimal	0.06948999999999998
./model.xml	obj	R_rxn08308_c0	optimal	0.06949000000000141
./model.xml	obj	R_rxn08309_c0	optimal	0.06948999999999989
./model.xml	obj	R_rxn08310_c0	optimal	0.06948999999999993
./model.xml	obj	R_rxn08311_c0	optimal	4.2063056571425423e-16
./model.xml	obj	R_rxn08312_c0	optimal	0.0694900000000004
./model.xml	obj	R_rxn08333_c0	optimal	-6.817722168183973e-17
./model.xml	obj	R_rxn08335_c0	optimal	0.06948999999999945
./model.xml	obj	R_rxn08336_c0	optimal	0.0694900000000158
./model.xml	obj	R_rxn08352_c0	optimal	0.06948999999999997
./model.xml	obj	R_rxn08396_c0	optimal	0.06949000000000004
./model.xml	obj	R_rxn08502_e0	optimal	0.06948999999999993
./model.xml	obj	R_rxn08546_c0	optimal	0.06948999999999896
./model.xml	obj	R_rxn08548_c0	optimal	0.0694899999999999
./model.xml	obj	R_rxn08549_c0	optimal	0.06949000000000129
./model.xml	obj	R_rxn08583_c0	optimal	1.8134962463963572e-17
./model.xml	obj	R_rxn08615_c0	optimal	0.06949000000000001
./model.xml	obj	R_rxn08618_c0	optimal	-1.1588461753578084e-16
./model.xml	obj	R_rxn08619_c0	optimal	8.036395623042738e-16
./model.xml	obj	R_rxn08620_c0	optimal	0.0
./model.xml	obj	R_rxn08655_c0	optimal	0.06948999999924238
./model.xml	obj	R_rxn08656_c0	optimal	0.06949000000000007
./model.xml	obj	R_rxn08657_c0	optimal	0.06949000000001578
./model.xml	obj	R_rxn08661_c0	optimal	0.06948999999999741
./model.xml	obj	R_rxn08668_c0	optimal	0.0694900000000001
./model.xml	obj	R_rxn08669_c0	optimal	0.06948999999999972
./model.xml	obj	R_rxn08708_c0	optimal	0.0
./model.xml	obj	R_rxn08709_c0	optimal	8.116151643815372e-17
./model.xml	obj	R_rxn08710_c0	optimal	1.2794254444867852e-16
./model.xml	obj	R_rxn08711_c0	optimal	-3.1462559774320126e-17
./model.xml	obj	R_rxn08712_c0	optimal	-3.247408105624131e-17
./model.xml	obj	R_rxn08713_c0	optimal	-2.8178211527640684e-17
./model.xml	obj	R_rxn08715_c0	optimal	0.06949000000000004
./model.xml	obj	R_rxn08734_c0	optimal	-1.1775632869618742e-16
./model.xml	obj	R_rxn08762_c0	optimal	0.06949000000000026
./model.xml	obj	R_rxn08766_c0	optimal	0.06949000000000004
./model.xml	obj	R_rxn08796_c0	optimal	0.06949000000000018
./model.xml	obj	R_rxn08797_c0	optimal	0.06948999999999896
./model.xml	obj	R_rxn08798_c0	optimal	0.06948999999999977
./model.xml	obj	R_rxn08799_c0	optimal	0.06948999999999994
./model.xml	obj	R_rxn08800_c0	optimal	0.06948999999999994
./model.xml	obj	R_rxn08801_c0	optimal	5.2335260608202625e-18
./model.xml	obj	R_rxn08802_c0	optimal	0.06948999999999979
./model.xml	obj	R_rxn08803_c0	optimal	0.06949000000000012
./model.xml	obj	R_rxn08804_c0	optimal	0.0694900000000001
./model.xml	obj	R_rxn08805_c0	optimal	0.06948999999999972
./model.xml	obj	R_rxn08806_c0	optimal	0.06949000000000007
./model.xml	obj	R_rxn08807_c0	optimal	0.06949000000000292
./model.xml	obj	R_rxn08808_c0	optimal	1.3688734861858512e-17
./model.xml	obj	R_rxn08809_c0	optimal	-2.100640480409033e-18
./model.xml	obj	R_rxn08810_c0	optimal	0.06948999999999951
./model.xml	obj	R_rxn08811_c0	optimal	0.06948999999999993
./model.xml	obj	R_rxn08812_c0	optimal	0.06949000000000002
./model.xml	obj	R_rxn08813_c0	optimal	0.0694900000000004
./model.xml	obj	R_rxn08814_c0	optimal	0.06948999999999976
./model.xml	obj	R_rxn08815_c0	optimal	0.06948999999999898
./model.xml	obj	R_rxn08816_c0	optimal	0.06948999999999997
./model.xml	obj	R_rxn08817_c0	optimal	0.06949000000001064
./model.xml	obj	R_rxn08818_c0	optimal	0.06949000000000007
./model.xml	obj	R_rxn08819_c0	optimal	0.06948999999999879
./model.xml	obj	R_rxn08820_c0	optimal	0.06949000000000012
./model.xml	obj	R_rxn08821_c0	optimal	0.06948999999994232
./model.xml	obj	R_rxn08822_c0	optimal	0.06948999999999993
./model.xml	obj	R_rxn08823_c0	optimal	0.0694899999999999
./model.xml	obj	R_rxn08838_c0	optimal	0.06948999999999977
./model.xml	obj	R_rxn08839_c0	optimal	0.06948999999999994
./model.xml	obj	R_rxn08840_c0	optimal	0.06948999999999989
./model.xml	obj	R_rxn08841_c0	optimal	0.06949000000000008
./model.xml	obj	R_rxn08842_c0	optimal	0.06949000000000118
./model.xml	obj	R_rxn08843_c0	optimal	0.0694899999999423
./model.xml	obj	R_rxn08844_c0	optimal	0.06948999999999951
./model.xml	obj	R_rxn08845_c0	optimal	0.06949
./model.xml	obj	R_rxn08846_c0	optimal	0.06948999999999991
./model.xml	obj	R_rxn08847_c0	optimal	0.06949000000001063
./model.xml	obj	R_rxn08848_c0	optimal	0.06949000000000008
./model.xml	obj	R_rxn08849_c0	optimal	0.0694899999999999
./model.xml	obj	R_rxn08850_c0	optimal	0.0694899999999994
./model.xml	obj	R_rxn08851_c0	optimal	0.06948999999999986
./model.xml	obj	R_rxn08869_c0	optimal	0.06948999999999998
./model.xml	obj	R_rxn08890_c0	optimal	0.06948999999999993
./model.xml	obj	R_rxn08893_c0	optimal	0.06948999999999994
./model.xml	obj	R_rxn08895_c0	optimal	0.06949000000000019
./model.xml	obj	R_rxn08898_c0	optimal	0.06949000000001578
./model.xml	obj	R_rxn08924_c0	optimal	0.0694900000000046
./model.xml	obj	R_rxn08941_c0	optimal	0.0694900000000006
./model.xml	obj	R_rxn08942_c0	optimal	0.06948999999999994
./model.xml	obj	R_rxn08954_c0	optimal	6.961043295449702e-17
./model.xml	obj	R_rxn08971_c0	optimal	0.06949000000000013
./model.xml	obj	R_rxn08975_c0	optimal	0.0694899999999997
./model.xml	obj	R_rxn08976_c0	optimal	0.06949000000000824
./model.xml	obj	R_rxn08977_c0	optimal	0.06948999999999994
./model.xml	obj	R_rxn08978_c0	optimal	0.06948999999999979
./model.xml	obj	R_rxn08979_c0	optimal	0.06949000000000169
./model.xml	obj	R_rxn08981_c0	optimal	0.06949000000000004
./model.xml	obj	R_rxn09001_c0	optimal	2.9916441153591775e-17
./model.xml	obj	R_rxn09003_c0	optimal	-2.0500392350567515e-17
./model.xml	obj	R_rxn09014_c0	optimal	0.06948999999999969
./model.xml	obj	R_rxn09106_c0	optimal	0.0
./model.xml	obj	R_rxn09113_c0	optimal	-2.688021783838067e-16
./model.xml	obj	R_rxn09176_c0	optimal	0.06948999999924238
./model.xml	obj	R_rxn09177_c0	optimal	0.0694899999999423
./model.xml	obj	R_rxn09188_c0	optimal	3.989738265648816e-05
./model.xml	obj	R_rxn09202_c0	optimal	3.0284811641279892e-18
./model.xml	obj	R_rxn09210_c0	optimal	2.9916441153591775e-17
./model.xml	obj	R_rxn09225_c0	optimal	-1.6082226622703603e-17
./model.xml	obj	R_rxn09272_c0	optimal	0.06948999999999972
./model.xml	obj	R_rxn09295_c0	optimal	0.06949000000000013
./model.xml	obj	R_rxn09296_c0	optimal	2.0778028094704073e-12
./model.xml	obj	R_rxn09310_c0	optimal	2.9916441153591775e-17
./model.xml	obj	R_rxn09359_c0	optimal	0.06948999999999982
./model.xml	obj	R_rxn09399_c0	optimal	7.631772533602533e-18
./model.xml	obj	R_rxn09448_c0	optimal	0.06948999999999997
./model.xml	obj	R_rxn09449_c0	optimal	0.06949000000000141
./model.xml	obj	R_rxn09450_c0	optimal	0.06948999999999994
./model.xml	obj	R_rxn09562_c0	optimal	0.06948999999999994
./model.xml	obj	R_rxn09657_c0	optimal	0.06948999999999993
./model.xml	obj	R_rxn09672_c0	optimal	0.06948999999999994
./model.xml	obj	R_rxn09678_c0	optimal	0.06949000000000141
./model.xml	obj	R_rxn09690_c0	optimal	0.06948999999999128
./model.xml	obj	R_rxn09693_c0	optimal	0.06949000000000001
./model.xml	obj	R_rxn09696_c0	optimal	0.06949000000000013
./model.xml	obj	R_rxn09996_c0	optimal	0.06949000000006994
./model.xml	obj	R_rxn10030_c0	optimal	4.254908478468971e-16
./model.xml	obj	R_rxn10043_c0	optimal	0.06949000000000007
./model.xml	obj	R_rxn10052_c0	optimal	0.06949000000000118
./model.xml	obj	R_rxn10060_c0	optimal	0.0694900000000014
./model.xml	obj	R_rxn10122_c0	optimal	0.06949000000000004
./model.xml	obj	R_rxn10123_c0	optimal	0.06948999999999989
./model.xml	obj	R_rxn10124_c0	optimal	-1.0207302115620868e-13
./model.xml	obj	R_rxn10194_c0	optimal	0.06948999999999979
./model.xml	obj	R_rxn10195_c0	optimal	0.06948999999999994
./model.xml	obj	R_rxn10196_c0	optimal	0.06948999999999986
./model.xml	obj	R_rxn10199_c0	optimal	4.730859773207888e-18
./model.xml	obj	R_rxn10220_c0	optimal	0.06948999999999983
./model.xml	obj	R_rxn10221_c0	optimal	0.06948999999999998
./model.xml	obj	R_rxn10222_c0	optimal	0.06949000000000141
./model.xml	obj	R_rxn10223_c0	optimal	0.06948999999999993
./model.xml	obj	R_rxn10224_c0	optimal	0.06948999999999994
./model.xml	obj	R_rxn10225_c0	optimal	0.0694899999999423
./model.xml	obj	R_rxn10253_c0	optimal	0.06948999999999993
./model.xml	obj	R_rxn10254_c0	optimal	0.06948999999999975
./model.xml	obj	R_rxn10255_c0	optimal	0.06949000000000108
./model.xml	obj	R_rxn10256_c0	optimal	0.06948999999999994
./model.xml	obj	R_rxn10257_c0	optimal	0.06948999999999993
./model.xml	obj	R_rxn10258_c0	optimal	0.06948999999999898
./model.xml	obj	R_rxn10307_c0	optimal	0.06949
./model.xml	obj	R_rxn10308_c0	optimal	0.06948999999999983
./model.xml	obj	R_rxn10309_c0	optimal	0.06948999999999994
./model.xml	obj	R_rxn10312_c0	optimal	0.06948999999999982
./model.xml	obj	R_rxn10313_c0	optimal	0.06948999999999998
./model.xml	obj	R_rxn10314_c0	optimal	0.0694900000000006
./model.xml	obj	R_rxn10315_c0	optimal	0.06948999999999896
./model.xml	obj	R_rxn10336_c0	optimal	0.0
./model.xml	obj	R_rxn10344_c0	optimal	0.06949000000000012
./model.xml	obj	R_rxn10348_c0	optimal	7.631772533602533e-18
./model.xml	obj	R_rxn10481_c0	optimal	-3.1484325001260476e-17
./model.xml	obj	R_rxn10484_c0	optimal	-1.5099791087704027e-16
./model.xml	obj	R_rxn10504_c0	optimal	0.06948999999999994
./model.xml	obj	R_rxn10506_c0	optimal	0.06949000000000345
./model.xml	obj	R_rxn10570_c0	optimal	-3.573803547184872e-15
./model.xml	obj	R_rxn10770_c0	optimal	0.06949000000000013
./model.xml	obj	R_rxn10954_c0	optimal	4.436170379514693e-17
./model.xml	obj	R_rxn11040_c0	optimal	0.06948999999999994
./model.xml	obj	R_rxn11268_c0	optimal	0.06948999999999994
./model.xml	obj	R_rxn11279_c0	optimal	4.871158965213109e-18
./model.xml	obj	R_rxn11573_c0	optimal	-2.459126705271927e-17
./model.xml	obj	R_rxn11663_c0	optimal	0.06948999999999235
./model.xml	obj	R_rxn11676_c0	optimal	9.897951327910568e-15
./model.xml	obj	R_rxn11702_c0	optimal	-1.3490988720631604e-17
./model.xml	obj	R_rxn11703_c0	optimal	9.45535217437549e-17
./model.xml	obj	R_rxn11946_c0	optimal	-9.858722702915361e-16
./model.xml	obj	R_rxn12008_c0	optimal	-1.96965858834832e-17
./model.xml	obj	R_rxn12225_c0	optimal	4.118734383214065e-18
./model.xml	obj	R_rxn12239_c0	optimal	-5.5250060212198865e-18
./model.xml	obj	R_rxn12510_c0	optimal	2.5287464112466583e-17
./model.xml	obj	R_rxn12512_c0	optimal	0.06949000000000033
./model.xml	obj	R_rxn12633_c0	optimal	0.06948999999999991
./model.xml	obj	R_rxn12634_c0	optimal	0.06948999999999898
./model.xml	obj	R_rxn12635_c0	optimal	0.06949000000000004
./model.xml	obj	R_rxn12636_c0	optimal	0.06948999999999973
./model.xml	obj	R_rxn12637_c0	optimal	0.06949000000000026
./model.xml	obj	R_rxn12638_c0	optimal	0.06948999999999741
./model.xml	obj	R_rxn12639_c0	optimal	0.06948999999999983
./model.xml	obj	R_rxn12640_c0	optimal	0.06948999999999962
./model.xml	obj	R_rxn12641_c0	optimal	0.06948999999999993
./model.xml	obj	R_rxn12642_c0	optimal	0.06948999999999982
./model.xml	obj	R_rxn12643_c0	optimal	0.06948999999999998
./model.xml	obj	R_rxn12644_c0	optimal	0.06948999999999879
./model.xml	obj	R_rxn12645_c0	optimal	0.06949000000000004
./model.xml	obj	R_rxn12646_c0	optimal	0.06948999999999994
./model.xml	obj	R_rxn12666_c0	optimal	0.06948999999999994
./model.xml	obj	R_rxn12822_c0	optimal	0.06948999999950119
./model.xml	obj	R_rxn12844_c0	optimal	0.06949000000000008
./model.xml	obj	R_rxn12845_c0	optimal	0.06948999999999994
./model.xml	obj	R_rxn12846_c0	optimal	0.06948999999999962
./model.xml	obj	R_rxn12847_c0	optimal	0.06949000000000527
./model.xml	obj	R_rxn12848_c0	optimal	0.06949000000000001
./model.xml	obj	R_rxn12849_c0	optimal	0.06948999999999836
./model.xml	obj	R_rxn12850_c0	optimal	0.06948999999999998
./model.xml	obj	R_rxn12851_c0	optimal	0.06949000000000143
./model.xml	obj	R_rxn12868_c0	optimal	4.644295011941573e-18
./model.xml	obj	R_rxn13741_c0	optimal	0.06949000000000143
./model.xml	obj	R_rxn13782_c0	optimal	7.631772533602533e-18
./model.xml	obj	R_rxn13783_c0	optimal	7.631772533602533e-18
./model.xml	obj	R_rxn13784_c0	optimal	7.631772533602533e-18
./model.xml	obj	R_rxn13892_c0	optimal	0.06948999999999986
./model.xml	obj	R_rxn14070_c0	optimal	0.0
./model.xml	obj	R_rxn14270_c0	optimal	0.06949000000000018
./model.xml	obj	R_rxn15167_c0	optimal	0.06948999999999989
./model.xml	obj	R_rxn15699_c0	optimal	0.06948999999999983
./model.xml	obj	R_rxn15947_c0	optimal	0.0
./model.xml	obj	R_rxn15949_c0	optimal	1.3062658277792574e-16
./model.xml	obj	R_rxn16108_c0	optimal	-2.8486291668217532e-15
./model.xml	obj	R_rxn16503_c0	optimal	0.06949000000000004
./model.xml	obj	R_rxn16565_c0	optimal	0.06949000000001598
./model.xml	obj	R_rxn16573_c0	optimal	-3.3326759966872878e-15
./model.xml	obj	R_rxn16583_c0	optimal	0.06948999999999994
./model.xml	obj	R_rxn16592_c0	optimal	0.06948999999993943
./model.xml	obj	R_rxn16593_c0	optimal	0.06949000000000169
./model.xml	obj	R_rxn16594_c0	optimal	0.06949000000000004
./model.xml	obj	R_rxn16839_c0	optimal	0.06949000000000026
./model.xml	obj	R_rxn17731_c0	optimal	0.06948999999999982
./model.xml	obj	R_rxn19006_c0	optimal	0.06949000000000007
./model.xml	obj	R_rxn20643_c0	optimal	0.06948999999999993
./model.xml	obj	R_rxn21729_c0	optimal	0.06948999999999896
./model.xml	obj	R_rxn21857_c0	optimal	-1.240997471772518e-16
./model.xml	obj	R_rxn21858_c0	optimal	5.83116781424535e-16
./model.xml	obj	R_rxn21859_c0	optimal	8.657066962805185e-15
./model.xml	obj	R_rxn21860_c0	optimal	-1.7254884859734188e-16
./model.xml	obj	R_rxn21861_c0	optimal	4.644295011941573e-18
./model.xml	obj	R_rxn21862_c0	optimal	2.545281047039125e-13
./model.xml	obj	R_rxn21863_c0	optimal	-1.1912987838314774e-17
./model.xml	obj	R_rxn21864_c0	optimal	6.593707964867365e-17
./model.xml	obj	R_rxn23042_c0	optimal	0.06949000000000001
./model.xml	obj	R_rxn23043_c0	optimal	0.06949000000000007
./model.xml	obj	R_rxn23045_c0	optimal	0.06949000000000018
./model.xml	obj	R_rxn23336_c0	optimal	0.06948999999999993
./model.xml	obj	R_rxn23589_c0	optimal	0.06949000000000002
./model.xml	obj	R_rxn24134_c0	optimal	0.06949000000000004
./model.xml	obj	R_rxn24718_c0	optimal	0.06948999999999998
./model.xml	obj	R_rxn24830_c0	optimal	0.06948999999999994
./model.xml	obj	R_rxn26021_c0	optimal	0.06949
./model.xml	obj	R_rxn26127_c0	optimal	0.06948999999999984
./model.xml	obj	R_rxn27289_c0	optimal	0.06948999999999994
./model.xml	obj	R_rxn37060_c0	optimal	0.0694900000000158
./model.xml	obj	R_rxn39434__DASH__c0_c0	optimal	0.06948999999999993
./model.xml	obj	R_rxn39451__DASH__c0_c0	optimal	0.06949000000000007
./model.xml	obj	R_rxn39452__DASH__c0_c0	optimal	0.06949000000000002
./model.xml	obj	R_rxn39860__DASH__c0_c0	optimal	0.06948999999999997
./model.xml	obj	R_rxn40037__DASH__c0_c0	optimal	0.06948999999999983
./model.xml	obj	R_rxn40439__DASH__c0_c0	optimal	0.06948999999999997
./model.xml	obj	R_rxn41452__DASH__c0_c0	optimal	-1.1093628497846215e-15
./model.xml	obj	R_rxn41683__DASH__c0_c0	optimal	0.06949000000000007
./model.xml	obj	R_rxn41896__DASH__c0_c0	optimal	0.06949000000000002
./model.xml	obj	R_rxn42177__DASH__c0_c0	optimal	0.06949000000000007
./model.xml	obj	R_rxn42230__DASH__c0_c0	optimal	0.06948999999999966
./model.xml	obj	R_rxn43470__DASH__c0_c0	optimal	0.06949000000000004
./model.xml	obj	R_rxn44539__DASH__c0_c0	optimal	0.06948999999999993
./model.xml	obj	R_rxn45223__DASH__c0_c0	optimal	0.06949000000000007
./model.xml	obj	R_rxn45425__DASH__c0_c0	optimal	0.06948999999999997
./model.xml	obj	R_rxn45996__DASH__c0_c0	optimal	0.0694900000000158
./model.xml	obj	R_rxn46344__DASH__c0_c0	optimal	0.06948999999999993
./model.xml	obj	R_rxn46365__DASH__c0_c0	optimal	0.06949000000000004
./model.xml	obj	R_rxn46549__DASH__c0_c0	optimal	0.06949000000000007
./model.xml	obj	R_rxn46694__DASH__c0_c0	optimal	0.06949000000000007
./model.xml	obj	R_rxn47768__DASH__c0_c0	optimal	0.0
