{
  "model_location": "./model.xml",
  "model_md5": "053dd57f830b6e311af912f5ce2df2d1",
  "frog_id": "cameo_tsv",
  "frog_software": {
    "name": "fbc_curation",
    "version": "0.2.0",
    "url": "https://doi.org/10.5281/zenodo.3708271"
  },
  "curators": [],
  "software": {
    "name": "cameo",
    "version": "0.13.6",
    "url": "https://github.com/opencobra/cobrapy"
  },
  "solver": {
    "name": "glpk",
    "version": "5.0",
    "url": null
  },
  "environment": "posix, Linux, 4.15.0-213-generic"
}